patient_id,age_years,sex,visit_date,specialist,icd10_code,prescription_recorded,source_record_id
SYN-BUNDA-P0001,40,Female,2024-05-29,General Practice,Z30.9,Paracetamol,SYN-BUNDA-V0001-01-SRC
SYN-BUNDA-P0002,47,Female,2024-07-16,Obstetrics and Gynecology,Z34.9,Folic acid,SYN-BUNDA-V0002-01-SRC
SYN-BUNDA-P0003,35,Female,2023-10-28,Obstetrics and Gynecology,Z34.9,Ibuprofen,SYN-BUNDA-V0003-01-SRC
SYN-BUNDA-P0004,48,Female,2023-07-28,General Practice,N94.6,Ferrous sulfate,SYN-BUNDA-V0004-01-SRC
SYN-BUNDA-P0005,42,Female,2023-12-31,Obstetrics and Gynecology,N93.9,Ibuprofen,SYN-BUNDA-V0005-01-SRC
SYN-BUNDA-P0006,28,Female,2023-03-22,General Practice,Z30.9,Ibuprofen,SYN-BUNDA-V0006-01-SRC
SYN-BUNDA-P0007,23,Female,2026-02-20,General Practice,Z34.9,Paracetamol,SYN-BUNDA-V0007-01-SRC
SYN-BUNDA-P0008,39,Female,2023-11-19,Internal Medicine,Z34.9,Folic acid,SYN-BUNDA-V0008-01-SRC
SYN-BUNDA-P0009,20,Female,2024-08-15,Obstetrics and Gynecology,Z34.9,None recorded,SYN-BUNDA-V0009-01-SRC
SYN-BUNDA-P0010,42,Female,2023-11-26,Obstetrics and Gynecology,Z30.9,Ibuprofen,SYN-BUNDA-V0010-01-SRC
SYN-BUNDA-P0011,35,Female,2023-06-01,Internal Medicine,Z34.9,Ibuprofen,SYN-BUNDA-V0011-01-SRC
SYN-BUNDA-P0012,25,Female,2023-02-25,General Practice,N94.6,Folic acid,SYN-BUNDA-V0012-01-SRC
SYN-BUNDA-P0013,49,Female,2023-02-03,Obstetrics and Gynecology,N93.9,Folic acid,SYN-BUNDA-V0013-01-SRC
SYN-BUNDA-P0014,27,Female,2024-01-13,Obstetrics and Gynecology,Z34.9,Ibuprofen,SYN-BUNDA-V0014-01-SRC
SYN-BUNDA-P0015,49,Female,2023-06-04,Obstetrics and Gynecology,Z30.9,Ferrous sulfate,SYN-BUNDA-V0015-01-SRC
SYN-BUNDA-P0016,41,Female,2023-08-15,Obstetrics and Gynecology,Z30.9,Ibuprofen,SYN-BUNDA-V0016-01-SRC
SYN-BUNDA-P0017,48,Female,2023-05-06,General Practice,N92.0,Paracetamol,SYN-BUNDA-V0017-01-SRC
SYN-BUNDA-P0018,49,Female,2024-08-31,Internal Medicine,Z30.9,Ferrous sulfate,SYN-BUNDA-V0018-01-SRC
SYN-BUNDA-P0019,34,Female,2023-06-06,Internal Medicine,Z30.9,Ibuprofen,SYN-BUNDA-V0019-01-SRC
SYN-BUNDA-P0020,30,Female,2023-04-20,Obstetrics and Gynecology,Z30.9,Folic acid,SYN-BUNDA-V0020-01-SRC
SYN-BUNDA-P0021,42,Female,2024-07-04,Internal Medicine,N94.6,None recorded,SYN-BUNDA-V0021-01-SRC
SYN-BUNDA-P0022,33,Female,2023-09-23,Obstetrics and Gynecology,N94.6,Ibuprofen,SYN-BUNDA-V0022-01-SRC
SYN-BUNDA-P0023,38,Female,2023-10-02,Obstetrics and Gynecology,Z34.9,Paracetamol,SYN-BUNDA-V0023-01-SRC
SYN-BUNDA-P0024,29,Female,2024-09-14,Obstetrics and Gynecology,Z30.9,Ibuprofen,SYN-BUNDA-V0024-01-SRC
SYN-BUNDA-P0025,38,Female,2023-12-01,Internal Medicine,Z34.9,Folic acid,SYN-BUNDA-V0025-01-SRC
SYN-BUNDA-P0026,48,Female,2025-01-25,Obstetrics and Gynecology,N94.6,Paracetamol,SYN-BUNDA-V0026-01-SRC
SYN-BUNDA-P0027,33,Female,2026-03-11,Obstetrics and Gynecology,N94.6,Paracetamol,SYN-BUNDA-V0027-01-SRC
SYN-BUNDA-P0028,42,Female,2024-04-04,Obstetrics and Gynecology,Z30.9,Ferrous sulfate,SYN-BUNDA-V0028-01-SRC
SYN-BUNDA-P0029,28,Female,2023-01-06,General Practice,Z34.9,Ibuprofen,SYN-BUNDA-V0029-01-SRC
SYN-BUNDA-P0030,35,Female,2023-03-30,Obstetrics and Gynecology,Z30.9,Ferrous sulfate,SYN-BUNDA-V0030-01-SRC
SYN-BUNDA-P0031,25,Female,2024-07-09,General Practice,N92.0,None recorded,SYN-BUNDA-V0031-01-SRC
SYN-BUNDA-P0032,47,Female,2023-05-06,General Practice,Z34.9,Ibuprofen,SYN-BUNDA-V0032-01-SRC
SYN-BUNDA-P0033,42,Female,2023-08-14,Obstetrics and Gynecology,Z30.9,Ibuprofen,SYN-BUNDA-V0033-01-SRC
SYN-BUNDA-P0034,43,Female,2023-09-07,Obstetrics and Gynecology,Z34.9,Folic acid,SYN-BUNDA-V0034-01-SRC
SYN-BUNDA-P0035,36,Female,2023-10-21,Obstetrics and Gynecology,Z30.9,Paracetamol,SYN-BUNDA-V0035-01-SRC
SYN-BUNDA-P0036,18,Female,2024-10-06,Obstetrics and Gynecology,Z34.9,Paracetamol,SYN-BUNDA-V0036-01-SRC
SYN-BUNDA-P0037,22,Female,2023-09-16,Obstetrics and Gynecology,Z30.9,Folic acid,SYN-BUNDA-V0037-01-SRC
SYN-BUNDA-P0038,46,Female,2023-09-24,Obstetrics and Gynecology,Z30.9,Paracetamol,SYN-BUNDA-V0038-01-SRC
SYN-BUNDA-P0039,45,Female,2023-11-10,Internal Medicine,Z34.9,Paracetamol,SYN-BUNDA-V0039-01-SRC
SYN-BUNDA-P0040,40,Female,2023-08-04,Obstetrics and Gynecology,N94.6,Paracetamol,SYN-BUNDA-V0040-01-SRC
SYN-BUNDA-P0041,34,Female,2024-01-27,Obstetrics and Gynecology,N94.6,Ferrous sulfate,SYN-BUNDA-V0041-01-SRC
SYN-BUNDA-P0042,27,Female,2023-07-15,Internal Medicine,Z34.9,Folic acid,SYN-BUNDA-V0042-01-SRC
SYN-BUNDA-P0043,37,Female,2025-09-09,General Practice,N94.6,Paracetamol,SYN-BUNDA-V0043-01-SRC
SYN-BUNDA-P0044,43,Female,2023-04-16,General Practice,Z34.9,Ibuprofen,SYN-BUNDA-V0044-01-SRC
SYN-BUNDA-P0045,49,Female,2023-05-31,Obstetrics and Gynecology,Z30.9,Paracetamol,SYN-BUNDA-V0045-01-SRC
SYN-BUNDA-P0046,54,Female,2023-08-31,Obstetrics and Gynecology,N93.9,Ferrous sulfate,SYN-BUNDA-V0046-01-SRC
SYN-BUNDA-P0047,21,Female,2023-07-12,Obstetrics and Gynecology,N93.9,Ibuprofen,SYN-BUNDA-V0047-01-SRC
SYN-BUNDA-P0048,36,Female,2024-04-09,General Practice,N92.0,Paracetamol,SYN-BUNDA-V0048-01-SRC
SYN-BUNDA-P0049,46,Female,2026-02-06,Obstetrics and Gynecology,N94.6,Ferrous sulfate,SYN-BUNDA-V0049-01-SRC
SYN-BUNDA-P0050,50,Female,2025-12-15,General Practice,N93.9,None recorded,SYN-BUNDA-V0050-01-SRC
SYN-BUNDA-P0051,30,Female,2023-05-11,General Practice,N92.0,Ibuprofen,SYN-BUNDA-V0051-01-SRC
SYN-BUNDA-P0052,19,Female,2025-11-02,Obstetrics and Gynecology,N93.9,Folic acid,SYN-BUNDA-V0052-01-SRC
SYN-BUNDA-P0053,20,Female,2023-02-17,General Practice,N93.9,Paracetamol,SYN-BUNDA-V0053-01-SRC
SYN-BUNDA-P0054,30,Female,2025-01-04,Internal Medicine,N93.9,Ferrous sulfate,SYN-BUNDA-V0054-01-SRC
SYN-BUNDA-P0055,41,Female,2023-01-30,Obstetrics and Gynecology,N92.0,Ibuprofen,SYN-BUNDA-V0055-01-SRC
SYN-BUNDA-P0056,18,Female,2023-06-20,Obstetrics and Gynecology,N94.6,Paracetamol,SYN-BUNDA-V0056-01-SRC
SYN-BUNDA-P0057,31,Female,2023-02-12,Obstetrics and Gynecology,N92.0,Ibuprofen,SYN-BUNDA-V0057-01-SRC
SYN-BUNDA-P0058,44,Female,2024-02-26,Internal Medicine,N93.9,None recorded,SYN-BUNDA-V0058-01-SRC
SYN-BUNDA-P0059,44,Female,2023-07-04,Internal Medicine,Z34.9,Paracetamol,SYN-BUNDA-V0059-01-SRC
SYN-BUNDA-P0060,46,Female,2025-04-21,Internal Medicine,N94.6,Ferrous sulfate,SYN-BUNDA-V0060-01-SRC
SYN-BUNDA-P0061,55,Female,2023-01-15,General Practice,Z34.9,Ferrous sulfate,SYN-BUNDA-V0061-01-SRC
SYN-BUNDA-P0062,53,Female,2023-12-24,Obstetrics and Gynecology,N94.6,Ferrous sulfate,SYN-BUNDA-V0062-01-SRC
SYN-BUNDA-P0063,19,Female,2023-09-20,Obstetrics and Gynecology,Z30.9,Ibuprofen,SYN-BUNDA-V0063-01-SRC
SYN-BUNDA-P0064,38,Female,2023-06-13,Obstetrics and Gynecology,N92.0,Ferrous sulfate,SYN-BUNDA-V0064-01-SRC
SYN-BUNDA-P0065,19,Female,2023-05-31,Obstetrics and Gynecology,N92.0,Paracetamol,SYN-BUNDA-V0065-01-SRC
SYN-BUNDA-P0066,26,Female,2024-07-26,Obstetrics and Gynecology,N94.6,Paracetamol,SYN-BUNDA-V0066-01-SRC
SYN-BUNDA-P0067,35,Female,2025-03-29,General Practice,Z30.9,Paracetamol,SYN-BUNDA-V0067-01-SRC
SYN-BUNDA-P0068,39,Female,2024-06-09,Obstetrics and Gynecology,N92.0,Ferrous sulfate,SYN-BUNDA-V0068-01-SRC
SYN-BUNDA-P0069,45,Female,2023-03-28,Obstetrics and Gynecology,N92.0,Folic acid,SYN-BUNDA-V0069-01-SRC
SYN-BUNDA-P0070,41,Female,2023-02-14,Internal Medicine,N92.0,Ibuprofen,SYN-BUNDA-V0070-01-SRC
SYN-BUNDA-P0071,27,Female,2023-07-22,Internal Medicine,Z30.9,Ibuprofen,SYN-BUNDA-V0071-01-SRC
SYN-BUNDA-P0072,27,Female,2024-04-14,Internal Medicine,N92.0,Ibuprofen,SYN-BUNDA-V0072-01-SRC
SYN-BUNDA-P0073,50,Female,2023-02-20,Obstetrics and Gynecology,N93.9,Ferrous sulfate,SYN-BUNDA-V0073-01-SRC
SYN-BUNDA-P0074,31,Female,2023-03-05,Obstetrics and Gynecology,Z34.9,Ferrous sulfate,SYN-BUNDA-V0074-01-SRC
SYN-BUNDA-P0075,20,Female,2023-04-04,Internal Medicine,N93.9,Ferrous sulfate,SYN-BUNDA-V0075-01-SRC
SYN-BUNDA-P0076,23,Female,2023-04-04,Internal Medicine,Z30.9,Ibuprofen,SYN-BUNDA-V0076-01-SRC
SYN-BUNDA-P0077,31,Female,2023-09-03,Obstetrics and Gynecology,N92.0,None recorded,SYN-BUNDA-V0077-01-SRC
SYN-BUNDA-P0078,25,Female,2024-04-14,Internal Medicine,N92.0,Ferrous sulfate,SYN-BUNDA-V0078-01-SRC
SYN-BUNDA-P0079,39,Female,2023-07-19,Obstetrics and Gynecology,N94.6,Folic acid,SYN-BUNDA-V0079-01-SRC
SYN-BUNDA-P0080,26,Female,2026-03-30,Obstetrics and Gynecology,N93.9,Ferrous sulfate,SYN-BUNDA-V0080-01-SRC
SYN-BUNDA-P0081,44,Female,2023-01-25,Obstetrics and Gynecology,Z30.9,Ferrous sulfate,SYN-BUNDA-V0081-01-SRC
SYN-BUNDA-P0082,32,Female,2023-07-25,Obstetrics and Gynecology,Z30.9,Ferrous sulfate,SYN-BUNDA-V0082-01-SRC
SYN-BUNDA-P0083,42,Female,2023-02-28,Internal Medicine,Z34.9,Folic acid,SYN-BUNDA-V0083-01-SRC
SYN-BUNDA-P0084,19,Female,2023-12-28,Obstetrics and Gynecology,N94.6,Folic acid,SYN-BUNDA-V0084-01-SRC
SYN-BUNDA-P0085,51,Female,2025-01-15,Obstetrics and Gynecology,Z34.9,Folic acid,SYN-BUNDA-V0085-01-SRC
SYN-BUNDA-P0086,24,Female,2023-04-08,Internal Medicine,N93.9,Ibuprofen,SYN-BUNDA-V0086-01-SRC
SYN-BUNDA-P0087,33,Female,2023-01-15,General Practice,N92.0,Paracetamol,SYN-BUNDA-V0087-01-SRC
SYN-BUNDA-P0088,42,Female,2023-02-09,General Practice,N94.6,Ferrous sulfate,SYN-BUNDA-V0088-01-SRC
SYN-BUNDA-P0089,21,Female,2023-04-24,Internal Medicine,N93.9,Folic acid,SYN-BUNDA-V0089-01-SRC
SYN-BUNDA-P0090,20,Female,2024-05-23,Internal Medicine,Z34.9,Paracetamol,SYN-BUNDA-V0090-01-SRC
SYN-BUNDA-P0091,34,Female,2023-02-24,Obstetrics and Gynecology,Z30.9,Folic acid,SYN-BUNDA-V0091-01-SRC
SYN-BUNDA-P0092,30,Female,2023-11-04,Obstetrics and Gynecology,Z30.9,Paracetamol,SYN-BUNDA-V0092-01-SRC
SYN-BUNDA-P0093,22,Female,2026-03-28,Obstetrics and Gynecology,N92.0,Ibuprofen,SYN-BUNDA-V0093-01-SRC
SYN-BUNDA-P0094,19,Female,2024-03-19,General Practice,N94.6,Folic acid,SYN-BUNDA-V0094-01-SRC
SYN-BUNDA-P0095,34,Female,2023-07-25,Internal Medicine,N93.9,Paracetamol,SYN-BUNDA-V0095-01-SRC
SYN-BUNDA-P0096,49,Female,2025-01-25,General Practice,N94.6,Ferrous sulfate,SYN-BUNDA-V0096-01-SRC
SYN-BUNDA-P0097,27,Female,2023-04-03,General Practice,Z34.9,Ferrous sulfate,SYN-BUNDA-V0097-01-SRC
SYN-BUNDA-P0098,28,Female,2023-01-15,Internal Medicine,Z34.9,Ferrous sulfate,SYN-BUNDA-V0098-01-SRC
SYN-BUNDA-P0099,22,Female,2023-06-12,Obstetrics and Gynecology,Z30.9,Ibuprofen,SYN-BUNDA-V0099-01-SRC
SYN-BUNDA-P0100,26,Female,2024-03-19,Obstetrics and Gynecology,Z34.9,Folic acid,SYN-BUNDA-V0100-01-SRC
SYN-BUNDA-P0000101,31,Female,2025-11-11,Obstetrics and Gynecology,N92.0,Ferrous sulfate,SYN-BUNDA-V0000101-SRC
SYN-BUNDA-P0000102,30,Female,2026-03-10,Internal Medicine,Z30.9,Folic acid,SYN-BUNDA-V0000102-SRC
SYN-BUNDA-P0000103,29,Female,2026-07-07,General Practice,N94.6,Ibuprofen,SYN-BUNDA-V0000103-SRC
SYN-BUNDA-P0000104,28,Female,2023-04-13,Obstetrics and Gynecology,Z34.9,None recorded,SYN-BUNDA-V0000104-SRC
SYN-BUNDA-P0000105,27,Female,2023-08-10,Obstetrics and Gynecology,N93.9,Paracetamol,SYN-BUNDA-V0000105-SRC
SYN-BUNDA-P0000106,26,Female,2023-12-07,Internal Medicine,N92.0,Ferrous sulfate,SYN-BUNDA-V0000106-SRC
SYN-BUNDA-P0000107,25,Female,2024-04-04,General Practice,Z30.9,Folic acid,SYN-BUNDA-V0000107-SRC
SYN-BUNDA-P0000108,24,Female,2024-08-01,Obstetrics and Gynecology,N94.6,Ibuprofen,SYN-BUNDA-V0000108-SRC
SYN-BUNDA-P0000109,23,Female,2024-11-28,Obstetrics and Gynecology,Z34.9,None recorded,SYN-BUNDA-V0000109-SRC
SYN-BUNDA-P0000110,22,Female,2025-03-27,Internal Medicine,N93.9,Paracetamol,SYN-BUNDA-V0000110-SRC
SYN-BUNDA-P0000111,21,Female,2025-07-24,General Practice,N92.0,Ferrous sulfate,SYN-BUNDA-V0000111-SRC
SYN-BUNDA-P0000112,20,Female,2025-11-20,Obstetrics and Gynecology,Z30.9,Folic acid,SYN-BUNDA-V0000112-SRC
SYN-BUNDA-P0000113,19,Female,2026-03-19,Obstetrics and Gynecology,N94.6,Ibuprofen,SYN-BUNDA-V0000113-SRC
SYN-BUNDA-P0000114,18,Female,2026-07-16,Internal Medicine,Z34.9,None recorded,SYN-BUNDA-V0000114-SRC
SYN-BUNDA-P0000115,55,Female,2023-04-22,General Practice,N93.9,Paracetamol,SYN-BUNDA-V0000115-SRC
SYN-BUNDA-P0000116,54,Female,2023-08-19,Obstetrics and Gynecology,N92.0,Ferrous sulfate,SYN-BUNDA-V0000116-SRC
SYN-BUNDA-P0000117,53,Female,2023-12-16,Obstetrics and Gynecology,Z30.9,Folic acid,SYN-BUNDA-V0000117-SRC
SYN-BUNDA-P0000118,52,Female,2024-04-13,Internal Medicine,N94.6,Ibuprofen,SYN-BUNDA-V0000118-SRC
SYN-BUNDA-P0000119,51,Female,2024-08-10,General Practice,Z34.9,None recorded,SYN-BUNDA-V0000119-SRC
SYN-BUNDA-P0000120,50,Female,2024-12-07,Obstetrics and Gynecology,N93.9,Paracetamol,SYN-BUNDA-V0000120-SRC
SYN-BUNDA-P0000121,49,Female,2025-04-05,Obstetrics and Gynecology,N92.0,Ferrous sulfate,SYN-BUNDA-V0000121-SRC
SYN-BUNDA-P0000122,48,Female,2025-08-02,Internal Medicine,Z30.9,Folic acid,SYN-BUNDA-V0000122-SRC
SYN-BUNDA-P0000123,47,Female,2025-11-29,General Practice,N94.6,Ibuprofen,SYN-BUNDA-V0000123-SRC
SYN-BUNDA-P0000124,46,Female,2026-03-28,Obstetrics and Gynecology,Z34.9,None recorded,SYN-BUNDA-V0000124-SRC
SYN-BUNDA-P0000125,45,Female,2023-01-02,Obstetrics and Gynecology,N93.9,Paracetamol,SYN-BUNDA-V0000125-SRC
SYN-BUNDA-P0000126,44,Female,2023-05-01,Internal Medicine,N92.0,Ferrous sulfate,SYN-BUNDA-V0000126-SRC
SYN-BUNDA-P0000127,43,Female,2023-08-28,General Practice,Z30.9,Folic acid,SYN-BUNDA-V0000127-SRC
SYN-BUNDA-P0000128,42,Female,2023-12-25,Obstetrics and Gynecology,N94.6,Ibuprofen,SYN-BUNDA-V0000128-SRC
SYN-BUNDA-P0000129,41,Female,2024-04-22,Obstetrics and Gynecology,Z34.9,None recorded,SYN-BUNDA-V0000129-SRC
SYN-BUNDA-P0000130,40,Female,2024-08-19,Internal Medicine,N93.9,Paracetamol,SYN-BUNDA-V0000130-SRC
SYN-BUNDA-P0000131,39,Female,2024-12-16,General Practice,N92.0,Ferrous sulfate,SYN-BUNDA-V0000131-SRC
SYN-BUNDA-P0000132,38,Female,2025-04-14,Obstetrics and Gynecology,Z30.9,Folic acid,SYN-BUNDA-V0000132-SRC
SYN-BUNDA-P0000133,37,Female,2025-08-11,Obstetrics and Gynecology,N94.6,Ibuprofen,SYN-BUNDA-V0000133-SRC
SYN-BUNDA-P0000134,36,Female,2025-12-08,Internal Medicine,Z34.9,None recorded,SYN-BUNDA-V0000134-SRC
SYN-BUNDA-P0000135,35,Female,2026-04-06,General Practice,N93.9,Paracetamol,SYN-BUNDA-V0000135-SRC
SYN-BUNDA-P0000136,34,Female,2023-01-11,Obstetrics and Gynecology,N92.0,Ferrous sulfate,SYN-BUNDA-V0000136-SRC
SYN-BUNDA-P0000137,33,Female,2023-05-10,Obstetrics and Gynecology,Z30.9,Folic acid,SYN-BUNDA-V0000137-SRC
SYN-BUNDA-P0000138,32,Female,2023-09-06,Internal Medicine,N94.6,Ibuprofen,SYN-BUNDA-V0000138-SRC
SYN-BUNDA-P0000139,31,Female,2024-01-03,General Practice,Z34.9,None recorded,SYN-BUNDA-V0000139-SRC
SYN-BUNDA-P0000140,30,Female,2024-05-01,Obstetrics and Gynecology,N93.9,Paracetamol,SYN-BUNDA-V0000140-SRC
SYN-BUNDA-P0000141,29,Female,2024-08-28,Obstetrics and Gynecology,N92.0,Ferrous sulfate,SYN-BUNDA-V0000141-SRC
SYN-BUNDA-P0000142,28,Female,2024-12-25,Internal Medicine,Z30.9,Folic acid,SYN-BUNDA-V0000142-SRC
SYN-BUNDA-P0000143,27,Female,2025-04-23,General Practice,N94.6,Ibuprofen,SYN-BUNDA-V0000143-SRC
SYN-BUNDA-P0000144,26,Female,2025-08-20,Obstetrics and Gynecology,Z34.9,None recorded,SYN-BUNDA-V0000144-SRC
SYN-BUNDA-P0000145,25,Female,2025-12-17,Obstetrics and Gynecology,N93.9,Paracetamol,SYN-BUNDA-V0000145-SRC
SYN-BUNDA-P0000146,24,Female,2026-04-15,Internal Medicine,N92.0,Ferrous sulfate,SYN-BUNDA-V0000146-SRC
SYN-BUNDA-P0000147,23,Female,2023-01-20,General Practice,Z30.9,Folic acid,SYN-BUNDA-V0000147-SRC
SYN-BUNDA-P0000148,22,Female,2023-05-19,Obstetrics and Gynecology,N94.6,Ibuprofen,SYN-BUNDA-V0000148-SRC
SYN-BUNDA-P0000149,21,Female,2023-09-15,Obstetrics and Gynecology,Z34.9,None recorded,SYN-BUNDA-V0000149-SRC
SYN-BUNDA-P0000150,20,Female,2024-01-12,Internal Medicine,N93.9,Paracetamol,SYN-BUNDA-V0000150-SRC
SYN-BUNDA-P0000151,19,Female,2024-05-10,General Practice,N92.0,Ferrous sulfate,SYN-BUNDA-V0000151-SRC
SYN-BUNDA-P0000152,18,Female,2024-09-06,Obstetrics and Gynecology,Z30.9,Folic acid,SYN-BUNDA-V0000152-SRC
SYN-BUNDA-P0000153,55,Female,2025-01-03,Obstetrics and Gynecology,N94.6,Ibuprofen,SYN-BUNDA-V0000153-SRC
SYN-BUNDA-P0000154,54,Female,2025-05-02,Internal Medicine,Z34.9,None recorded,SYN-BUNDA-V0000154-SRC
SYN-BUNDA-P0000155,53,Female,2025-08-29,General Practice,N93.9,Paracetamol,SYN-BUNDA-V0000155-SRC
SYN-BUNDA-P0000156,52,Female,2025-12-26,Obstetrics and Gynecology,N92.0,Ferrous sulfate,SYN-BUNDA-V0000156-SRC
SYN-BUNDA-P0000157,51,Female,2026-04-24,Obstetrics and Gynecology,Z30.9,Folic acid,SYN-BUNDA-V0000157-SRC
SYN-BUNDA-P0000158,50,Female,2023-01-29,Internal Medicine,N94.6,Ibuprofen,SYN-BUNDA-V0000158-SRC
SYN-BUNDA-P0000159,49,Female,2023-05-28,General Practice,Z34.9,None recorded,SYN-BUNDA-V0000159-SRC
SYN-BUNDA-P0000160,48,Female,2023-09-24,Obstetrics and Gynecology,N93.9,Paracetamol,SYN-BUNDA-V0000160-SRC
SYN-BUNDA-P0000161,47,Female,2024-01-21,Obstetrics and Gynecology,N92.0,Ferrous sulfate,SYN-BUNDA-V0000161-SRC
SYN-BUNDA-P0000162,46,Female,2024-05-19,Internal Medicine,Z30.9,Folic acid,SYN-BUNDA-V0000162-SRC
SYN-BUNDA-P0000163,45,Female,2024-09-15,General Practice,N94.6,Ibuprofen,SYN-BUNDA-V0000163-SRC
SYN-BUNDA-P0000164,44,Female,2025-01-12,Obstetrics and Gynecology,Z34.9,None recorded,SYN-BUNDA-V0000164-SRC
SYN-BUNDA-P0000165,43,Female,2025-05-11,Obstetrics and Gynecology,N93.9,Paracetamol,SYN-BUNDA-V0000165-SRC
SYN-BUNDA-P0000166,42,Female,2025-09-07,Internal Medicine,N92.0,Ferrous sulfate,SYN-BUNDA-V0000166-SRC
SYN-BUNDA-P0000167,41,Female,2026-01-04,General Practice,Z30.9,Folic acid,SYN-BUNDA-V0000167-SRC
SYN-BUNDA-P0000168,40,Female,2026-05-03,Obstetrics and Gynecology,N94.6,Ibuprofen,SYN-BUNDA-V0000168-SRC
SYN-BUNDA-P0000169,39,Female,2023-02-07,Obstetrics and Gynecology,Z34.9,None recorded,SYN-BUNDA-V0000169-SRC
SYN-BUNDA-P0000170,38,Female,2023-06-06,Internal Medicine,N93.9,Paracetamol,SYN-BUNDA-V0000170-SRC
SYN-BUNDA-P0000171,37,Female,2023-10-03,General Practice,N92.0,Ferrous sulfate,SYN-BUNDA-V0000171-SRC
SYN-BUNDA-P0000172,36,Female,2024-01-30,Obstetrics and Gynecology,Z30.9,Folic acid,SYN-BUNDA-V0000172-SRC
SYN-BUNDA-P0000173,35,Female,2024-05-28,Obstetrics and Gynecology,N94.6,Ibuprofen,SYN-BUNDA-V0000173-SRC
SYN-BUNDA-P0000174,34,Female,2024-09-24,Internal Medicine,Z34.9,None recorded,SYN-BUNDA-V0000174-SRC
SYN-BUNDA-P0000175,33,Female,2025-01-21,General Practice,N93.9,Paracetamol,SYN-BUNDA-V0000175-SRC
SYN-BUNDA-P0000176,32,Female,2025-05-20,Obstetrics and Gynecology,N92.0,Ferrous sulfate,SYN-BUNDA-V0000176-SRC
SYN-BUNDA-P0000177,31,Female,2025-09-16,Obstetrics and Gynecology,Z30.9,Folic acid,SYN-BUNDA-V0000177-SRC
SYN-BUNDA-P0000178,30,Female,2026-01-13,Internal Medicine,N94.6,Ibuprofen,SYN-BUNDA-V0000178-SRC
SYN-BUNDA-P0000179,29,Female,2026-05-12,General Practice,Z34.9,None recorded,SYN-BUNDA-V0000179-SRC
SYN-BUNDA-P0000180,28,Female,2023-02-16,Obstetrics and Gynecology,N93.9,Paracetamol,SYN-BUNDA-V0000180-SRC
SYN-BUNDA-P0000181,27,Female,2023-06-15,Obstetrics and Gynecology,N92.0,Ferrous sulfate,SYN-BUNDA-V0000181-SRC
SYN-BUNDA-P0000182,26,Female,2023-10-12,Internal Medicine,Z30.9,Folic acid,SYN-BUNDA-V0000182-SRC
SYN-BUNDA-P0000183,25,Female,2024-02-08,General Practice,N94.6,Ibuprofen,SYN-BUNDA-V0000183-SRC
SYN-BUNDA-P0000184,24,Female,2024-06-06,Obstetrics and Gynecology,Z34.9,None recorded,SYN-BUNDA-V0000184-SRC
SYN-BUNDA-P0000185,23,Female,2024-10-03,Obstetrics and Gynecology,N93.9,Paracetamol,SYN-BUNDA-V0000185-SRC
SYN-BUNDA-P0000186,22,Female,2025-01-30,Internal Medicine,N92.0,Ferrous sulfate,SYN-BUNDA-V0000186-SRC
SYN-BUNDA-P0000187,21,Female,2025-05-29,General Practice,Z30.9,Folic acid,SYN-BUNDA-V0000187-SRC
SYN-BUNDA-P0000188,20,Female,2025-09-25,Obstetrics and Gynecology,N94.6,Ibuprofen,SYN-BUNDA-V0000188-SRC
SYN-BUNDA-P0000189,19,Female,2026-01-22,Obstetrics and Gynecology,Z34.9,None recorded,SYN-BUNDA-V0000189-SRC
SYN-BUNDA-P0000190,18,Female,2026-05-21,Internal Medicine,N93.9,Paracetamol,SYN-BUNDA-V0000190-SRC
SYN-BUNDA-P0000191,55,Female,2023-02-25,General Practice,N92.0,Ferrous sulfate,SYN-BUNDA-V0000191-SRC
SYN-BUNDA-P0000192,54,Female,2023-06-24,Obstetrics and Gynecology,Z30.9,Folic acid,SYN-BUNDA-V0000192-SRC
SYN-BUNDA-P0000193,53,Female,2023-10-21,Obstetrics and Gynecology,N94.6,Ibuprofen,SYN-BUNDA-V0000193-SRC
SYN-BUNDA-P0000194,52,Female,2024-02-17,Internal Medicine,Z34.9,None recorded,SYN-BUNDA-V0000194-SRC
SYN-BUNDA-P0000195,51,Female,2024-06-15,General Practice,N93.9,Paracetamol,SYN-BUNDA-V0000195-SRC
SYN-BUNDA-P0000196,50,Female,2024-10-12,Obstetrics and Gynecology,N92.0,Ferrous sulfate,SYN-BUNDA-V0000196-SRC
SYN-BUNDA-P0000197,49,Female,2025-02-08,Obstetrics and Gynecology,Z30.9,Folic acid,SYN-BUNDA-V0000197-SRC
SYN-BUNDA-P0000198,48,Female,2025-06-07,Internal Medicine,N94.6,Ibuprofen,SYN-BUNDA-V0000198-SRC
SYN-BUNDA-P0000199,47,Female,2025-10-04,General Practice,Z34.9,None recorded,SYN-BUNDA-V0000199-SRC
SYN-BUNDA-P0000200,46,Female,2026-01-31,Obstetrics and Gynecology,N93.9,Paracetamol,SYN-BUNDA-V0000200-SRC
SYN-BUNDA-P0000201,45,Female,2026-05-30,Obstetrics and Gynecology,N92.0,Ferrous sulfate,SYN-BUNDA-V0000201-SRC
SYN-BUNDA-P0000202,44,Female,2023-03-06,Internal Medicine,Z30.9,Folic acid,SYN-BUNDA-V0000202-SRC
SYN-BUNDA-P0000203,43,Female,2023-07-03,General Practice,N94.6,Ibuprofen,SYN-BUNDA-V0000203-SRC
SYN-BUNDA-P0000204,42,Female,2023-10-30,Obstetrics and Gynecology,Z34.9,None recorded,SYN-BUNDA-V0000204-SRC
SYN-BUNDA-P0000205,41,Female,2024-02-26,Obstetrics and Gynecology,N93.9,Paracetamol,SYN-BUNDA-V0000205-SRC
SYN-BUNDA-P0000206,40,Female,2024-06-24,Internal Medicine,N92.0,Ferrous sulfate,SYN-BUNDA-V0000206-SRC
SYN-BUNDA-P0000207,39,Female,2024-10-21,General Practice,Z30.9,Folic acid,SYN-BUNDA-V0000207-SRC
SYN-BUNDA-P0000208,38,Female,2025-02-17,Obstetrics and Gynecology,N94.6,Ibuprofen,SYN-BUNDA-V0000208-SRC
SYN-BUNDA-P0000209,37,Female,2025-06-16,Obstetrics and Gynecology,Z34.9,None recorded,SYN-BUNDA-V0000209-SRC
SYN-BUNDA-P0000210,36,Female,2025-10-13,Internal Medicine,N93.9,Paracetamol,SYN-BUNDA-V0000210-SRC
SYN-BUNDA-P0000211,35,Female,2026-02-09,General Practice,N92.0,Ferrous sulfate,SYN-BUNDA-V0000211-SRC
SYN-BUNDA-P0000212,34,Female,2026-06-08,Obstetrics and Gynecology,Z30.9,Folic acid,SYN-BUNDA-V0000212-SRC
SYN-BUNDA-P0000213,33,Female,2023-03-15,Obstetrics and Gynecology,N94.6,Ibuprofen,SYN-BUNDA-V0000213-SRC
SYN-BUNDA-P0000214,32,Female,2023-07-12,Internal Medicine,Z34.9,None recorded,SYN-BUNDA-V0000214-SRC
SYN-BUNDA-P0000215,31,Female,2023-11-08,General Practice,N93.9,Paracetamol,SYN-BUNDA-V0000215-SRC
SYN-BUNDA-P0000216,30,Female,2024-03-06,Obstetrics and Gynecology,N92.0,Ferrous sulfate,SYN-BUNDA-V0000216-SRC
SYN-BUNDA-P0000217,29,Female,2024-07-03,Obstetrics and Gynecology,Z30.9,Folic acid,SYN-BUNDA-V0000217-SRC
SYN-BUNDA-P0000218,28,Female,2024-10-30,Internal Medicine,N94.6,Ibuprofen,SYN-BUNDA-V0000218-SRC
SYN-BUNDA-P0000219,27,Female,2025-02-26,General Practice,Z34.9,None recorded,SYN-BUNDA-V0000219-SRC
SYN-BUNDA-P0000220,26,Female,2025-06-25,Obstetrics and Gynecology,N93.9,Paracetamol,SYN-BUNDA-V0000220-SRC
SYN-BUNDA-P0000221,25,Female,2025-10-22,Obstetrics and Gynecology,N92.0,Ferrous sulfate,SYN-BUNDA-V0000221-SRC
SYN-BUNDA-P0000222,24,Female,2026-02-18,Internal Medicine,Z30.9,Folic acid,SYN-BUNDA-V0000222-SRC
SYN-BUNDA-P0000223,23,Female,2026-06-17,General Practice,N94.6,Ibuprofen,SYN-BUNDA-V0000223-SRC
SYN-BUNDA-P0000224,22,Female,2023-03-24,Obstetrics and Gynecology,Z34.9,None recorded,SYN-BUNDA-V0000224-SRC
SYN-BUNDA-P0000225,21,Female,2023-07-21,Obstetrics and Gynecology,N93.9,Paracetamol,SYN-BUNDA-V0000225-SRC
SYN-BUNDA-P0000226,20,Female,2023-11-17,Internal Medicine,N92.0,Ferrous sulfate,SYN-BUNDA-V0000226-SRC
SYN-BUNDA-P0000227,19,Female,2024-03-15,General Practice,Z30.9,Folic acid,SYN-BUNDA-V0000227-SRC
SYN-BUNDA-P0000228,18,Female,2024-07-12,Obstetrics and Gynecology,N94.6,Ibuprofen,SYN-BUNDA-V0000228-SRC
SYN-BUNDA-P0000229,55,Female,2024-11-08,Obstetrics and Gynecology,Z34.9,None recorded,SYN-BUNDA-V0000229-SRC
SYN-BUNDA-P0000230,54,Female,2025-03-07,Internal Medicine,N93.9,Paracetamol,SYN-BUNDA-V0000230-SRC
SYN-BUNDA-P0000231,53,Female,2025-07-04,General Practice,N92.0,Ferrous sulfate,SYN-BUNDA-V0000231-SRC
SYN-BUNDA-P0000232,52,Female,2025-10-31,Obstetrics and Gynecology,Z30.9,Folic acid,SYN-BUNDA-V0000232-SRC
SYN-BUNDA-P0000233,51,Female,2026-02-27,Obstetrics and Gynecology,N94.6,Ibuprofen,SYN-BUNDA-V0000233-SRC
SYN-BUNDA-P0000234,50,Female,2026-06-26,Internal Medicine,Z34.9,None recorded,SYN-BUNDA-V0000234-SRC
SYN-BUNDA-P0000235,49,Female,2023-04-02,General Practice,N93.9,Paracetamol,SYN-BUNDA-V0000235-SRC
SYN-BUNDA-P0000236,48,Female,2023-07-30,Obstetrics and Gynecology,N92.0,Ferrous sulfate,SYN-BUNDA-V0000236-SRC
SYN-BUNDA-P0000237,47,Female,2023-11-26,Obstetrics and Gynecology,Z30.9,Folic acid,SYN-BUNDA-V0000237-SRC
SYN-BUNDA-P0000238,46,Female,2024-03-24,Internal Medicine,N94.6,Ibuprofen,SYN-BUNDA-V0000238-SRC
SYN-BUNDA-P0000239,45,Female,2024-07-21,General Practice,Z34.9,None recorded,SYN-BUNDA-V0000239-SRC
SYN-BUNDA-P0000240,44,Female,2024-11-17,Obstetrics and Gynecology,N93.9,Paracetamol,SYN-BUNDA-V0000240-SRC
SYN-BUNDA-P0000241,43,Female,2025-03-16,Obstetrics and Gynecology,N92.0,Ferrous sulfate,SYN-BUNDA-V0000241-SRC
SYN-BUNDA-P0000242,42,Female,2025-07-13,Internal Medicine,Z30.9,Folic acid,SYN-BUNDA-V0000242-SRC
SYN-BUNDA-P0000243,41,Female,2025-11-09,General Practice,N94.6,Ibuprofen,SYN-BUNDA-V0000243-SRC
SYN-BUNDA-P0000244,40,Female,2026-03-08,Obstetrics and Gynecology,Z34.9,None recorded,SYN-BUNDA-V0000244-SRC
SYN-BUNDA-P0000245,39,Female,2026-07-05,Obstetrics and Gynecology,N93.9,Paracetamol,SYN-BUNDA-V0000245-SRC
SYN-BUNDA-P0000246,38,Female,2023-04-11,Internal Medicine,N92.0,Ferrous sulfate,SYN-BUNDA-V0000246-SRC
SYN-BUNDA-P0000247,37,Female,2023-08-08,General Practice,Z30.9,Folic acid,SYN-BUNDA-V0000247-SRC
SYN-BUNDA-P0000248,36,Female,2023-12-05,Obstetrics and Gynecology,N94.6,Ibuprofen,SYN-BUNDA-V0000248-SRC
SYN-BUNDA-P0000249,35,Female,2024-04-02,Obstetrics and Gynecology,Z34.9,None recorded,SYN-BUNDA-V0000249-SRC
SYN-BUNDA-P0000250,34,Female,2024-07-30,Internal Medicine,N93.9,Paracetamol,SYN-BUNDA-V0000250-SRC
SYN-BUNDA-P0000251,33,Female,2024-11-26,General Practice,N92.0,Ferrous sulfate,SYN-BUNDA-V0000251-SRC
SYN-BUNDA-P0000252,32,Female,2025-03-25,Obstetrics and Gynecology,Z30.9,Folic acid,SYN-BUNDA-V0000252-SRC
SYN-BUNDA-P0000253,31,Female,2025-07-22,Obstetrics and Gynecology,N94.6,Ibuprofen,SYN-BUNDA-V0000253-SRC
SYN-BUNDA-P0000254,30,Female,2025-11-18,Internal Medicine,Z34.9,None recorded,SYN-BUNDA-V0000254-SRC
SYN-BUNDA-P0000255,29,Female,2026-03-17,General Practice,N93.9,Paracetamol,SYN-BUNDA-V0000255-SRC
SYN-BUNDA-P0000256,28,Female,2026-07-14,Obstetrics and Gynecology,N92.0,Ferrous sulfate,SYN-BUNDA-V0000256-SRC
SYN-BUNDA-P0000257,27,Female,2023-04-20,Obstetrics and Gynecology,Z30.9,Folic acid,SYN-BUNDA-V0000257-SRC
SYN-BUNDA-P0000258,26,Female,2023-08-17,Internal Medicine,N94.6,Ibuprofen,SYN-BUNDA-V0000258-SRC
SYN-BUNDA-P0000259,25,Female,2023-12-14,General Practice,Z34.9,None recorded,SYN-BUNDA-V0000259-SRC
SYN-BUNDA-P0000260,24,Female,2024-04-11,Obstetrics and Gynecology,N93.9,Paracetamol,SYN-BUNDA-V0000260-SRC
SYN-BUNDA-P0000261,23,Female,2024-08-08,Obstetrics and Gynecology,N92.0,Ferrous sulfate,SYN-BUNDA-V0000261-SRC
SYN-BUNDA-P0000262,22,Female,2024-12-05,Internal Medicine,Z30.9,Folic acid,SYN-BUNDA-V0000262-SRC
SYN-BUNDA-P0000263,21,Female,2025-04-03,General Practice,N94.6,Ibuprofen,SYN-BUNDA-V0000263-SRC
SYN-BUNDA-P0000264,20,Female,2025-07-31,Obstetrics and Gynecology,Z34.9,None recorded,SYN-BUNDA-V0000264-SRC
SYN-BUNDA-P0000265,19,Female,2025-11-27,Obstetrics and Gynecology,N93.9,Paracetamol,SYN-BUNDA-V0000265-SRC
SYN-BUNDA-P0000266,18,Female,2026-03-26,Internal Medicine,N92.0,Ferrous sulfate,SYN-BUNDA-V0000266-SRC
SYN-BUNDA-P0000267,55,Female,2026-07-23,General Practice,Z30.9,Folic acid,SYN-BUNDA-V0000267-SRC
SYN-BUNDA-P0000268,54,Female,2023-04-29,Obstetrics and Gynecology,N94.6,Ibuprofen,SYN-BUNDA-V0000268-SRC
SYN-BUNDA-P0000269,53,Female,2023-08-26,Obstetrics and Gynecology,Z34.9,None recorded,SYN-BUNDA-V0000269-SRC
SYN-BUNDA-P0000270,52,Female,2023-12-23,Internal Medicine,N93.9,Paracetamol,SYN-BUNDA-V0000270-SRC
SYN-BUNDA-P0000271,51,Female,2024-04-20,General Practice,N92.0,Ferrous sulfate,SYN-BUNDA-V0000271-SRC
SYN-BUNDA-P0000272,50,Female,2024-08-17,Obstetrics and Gynecology,Z30.9,Folic acid,SYN-BUNDA-V0000272-SRC
SYN-BUNDA-P0000273,49,Female,2024-12-14,Obstetrics and Gynecology,N94.6,Ibuprofen,SYN-BUNDA-V0000273-SRC
SYN-BUNDA-P0000274,48,Female,2025-04-12,Internal Medicine,Z34.9,None recorded,SYN-BUNDA-V0000274-SRC
SYN-BUNDA-P0000275,47,Female,2025-08-09,General Practice,N93.9,Paracetamol,SYN-BUNDA-V0000275-SRC
SYN-BUNDA-P0000276,46,Female,2025-12-06,Obstetrics and Gynecology,N92.0,Ferrous sulfate,SYN-BUNDA-V0000276-SRC
SYN-BUNDA-P0000277,45,Female,2026-04-04,Obstetrics and Gynecology,Z30.9,Folic acid,SYN-BUNDA-V0000277-SRC
SYN-BUNDA-P0000278,44,Female,2023-01-09,Internal Medicine,N94.6,Ibuprofen,SYN-BUNDA-V0000278-SRC
SYN-BUNDA-P0000279,43,Female,2023-05-08,General Practice,Z34.9,None recorded,SYN-BUNDA-V0000279-SRC
SYN-BUNDA-P0000280,42,Female,2023-09-04,Obstetrics and Gynecology,N93.9,Paracetamol,SYN-BUNDA-V0000280-SRC
SYN-BUNDA-P0000281,41,Female,2024-01-01,Obstetrics and Gynecology,N92.0,Ferrous sulfate,SYN-BUNDA-V0000281-SRC
SYN-BUNDA-P0000282,40,Female,2024-04-29,Internal Medicine,Z30.9,Folic acid,SYN-BUNDA-V0000282-SRC
SYN-BUNDA-P0000283,39,Female,2024-08-26,General Practice,N94.6,Ibuprofen,SYN-BUNDA-V0000283-SRC
SYN-BUNDA-P0000284,38,Female,2024-12-23,Obstetrics and Gynecology,Z34.9,None recorded,SYN-BUNDA-V0000284-SRC
SYN-BUNDA-P0000285,37,Female,2025-04-21,Obstetrics and Gynecology,N93.9,Paracetamol,SYN-BUNDA-V0000285-SRC
SYN-BUNDA-P0000286,36,Female,2025-08-18,Internal Medicine,N92.0,Ferrous sulfate,SYN-BUNDA-V0000286-SRC
SYN-BUNDA-P0000287,35,Female,2025-12-15,General Practice,Z30.9,Folic acid,SYN-BUNDA-V0000287-SRC
SYN-BUNDA-P0000288,34,Female,2026-04-13,Obstetrics and Gynecology,N94.6,Ibuprofen,SYN-BUNDA-V0000288-SRC
SYN-BUNDA-P0000289,33,Female,2023-01-18,Obstetrics and Gynecology,Z34.9,None recorded,SYN-BUNDA-V0000289-SRC
SYN-BUNDA-P0000290,32,Female,2023-05-17,Internal Medicine,N93.9,Paracetamol,SYN-BUNDA-V0000290-SRC
SYN-BUNDA-P0000291,31,Female,2023-09-13,General Practice,N92.0,Ferrous sulfate,SYN-BUNDA-V0000291-SRC
SYN-BUNDA-P0000292,30,Female,2024-01-10,Obstetrics and Gynecology,Z30.9,Folic acid,SYN-BUNDA-V0000292-SRC
SYN-BUNDA-P0000293,29,Female,2024-05-08,Obstetrics and Gynecology,N94.6,Ibuprofen,SYN-BUNDA-V0000293-SRC
SYN-BUNDA-P0000294,28,Female,2024-09-04,Internal Medicine,Z34.9,None recorded,SYN-BUNDA-V0000294-SRC
SYN-BUNDA-P0000295,27,Female,2025-01-01,General Practice,N93.9,Paracetamol,SYN-BUNDA-V0000295-SRC
SYN-BUNDA-P0000296,26,Female,2025-04-30,Obstetrics and Gynecology,N92.0,Ferrous sulfate,SYN-BUNDA-V0000296-SRC
SYN-BUNDA-P0000297,25,Female,2025-08-27,Obstetrics and Gynecology,Z30.9,Folic acid,SYN-BUNDA-V0000297-SRC
SYN-BUNDA-P0000298,24,Female,2025-12-24,Internal Medicine,N94.6,Ibuprofen,SYN-BUNDA-V0000298-SRC
SYN-BUNDA-P0000299,23,Female,2026-04-22,General Practice,Z34.9,None recorded,SYN-BUNDA-V0000299-SRC
SYN-BUNDA-P0000300,22,Female,2023-01-27,Obstetrics and Gynecology,N93.9,Paracetamol,SYN-BUNDA-V0000300-SRC
SYN-BUNDA-P0000301,21,Female,2023-05-26,Obstetrics and Gynecology,N92.0,Ferrous sulfate,SYN-BUNDA-V0000301-SRC
SYN-BUNDA-P0000302,20,Female,2023-09-22,Internal Medicine,Z30.9,Folic acid,SYN-BUNDA-V0000302-SRC
SYN-BUNDA-P0000303,19,Female,2024-01-19,General Practice,N94.6,Ibuprofen,SYN-BUNDA-V0000303-SRC
SYN-BUNDA-P0000304,18,Female,2024-05-17,Obstetrics and Gynecology,Z34.9,None recorded,SYN-BUNDA-V0000304-SRC
SYN-BUNDA-P0000305,55,Female,2024-09-13,Obstetrics and Gynecology,N93.9,Paracetamol,SYN-BUNDA-V0000305-SRC
SYN-BUNDA-P0000306,54,Female,2025-01-10,Internal Medicine,N92.0,Ferrous sulfate,SYN-BUNDA-V0000306-SRC
SYN-BUNDA-P0000307,53,Female,2025-05-09,General Practice,Z30.9,Folic acid,SYN-BUNDA-V0000307-SRC
SYN-BUNDA-P0000308,52,Female,2025-09-05,Obstetrics and Gynecology,N94.6,Ibuprofen,SYN-BUNDA-V0000308-SRC
SYN-BUNDA-P0000309,51,Female,2026-01-02,Obstetrics and Gynecology,Z34.9,None recorded,SYN-BUNDA-V0000309-SRC
SYN-BUNDA-P0000310,50,Female,2026-05-01,Internal Medicine,N93.9,Paracetamol,SYN-BUNDA-V0000310-SRC
SYN-BUNDA-P0000311,49,Female,2023-02-05,General Practice,N92.0,Ferrous sulfate,SYN-BUNDA-V0000311-SRC
SYN-BUNDA-P0000312,48,Female,2023-06-04,Obstetrics and Gynecology,Z30.9,Folic acid,SYN-BUNDA-V0000312-SRC
SYN-BUNDA-P0000313,47,Female,2023-10-01,Obstetrics and Gynecology,N94.6,Ibuprofen,SYN-BUNDA-V0000313-SRC
SYN-BUNDA-P0000314,46,Female,2024-01-28,Internal Medicine,Z34.9,None recorded,SYN-BUNDA-V0000314-SRC
SYN-BUNDA-P0000315,45,Female,2024-05-26,General Practice,N93.9,Paracetamol,SYN-BUNDA-V0000315-SRC
SYN-BUNDA-P0000316,44,Female,2024-09-22,Obstetrics and Gynecology,N92.0,Ferrous sulfate,SYN-BUNDA-V0000316-SRC
SYN-BUNDA-P0000317,43,Female,2025-01-19,Obstetrics and Gynecology,Z30.9,Folic acid,SYN-BUNDA-V0000317-SRC
SYN-BUNDA-P0000318,42,Female,2025-05-18,Internal Medicine,N94.6,Ibuprofen,SYN-BUNDA-V0000318-SRC
SYN-BUNDA-P0000319,41,Female,2025-09-14,General Practice,Z34.9,None recorded,SYN-BUNDA-V0000319-SRC
SYN-BUNDA-P0000320,40,Female,2026-01-11,Obstetrics and Gynecology,N93.9,Paracetamol,SYN-BUNDA-V0000320-SRC
SYN-BUNDA-P0000321,39,Female,2026-05-10,Obstetrics and Gynecology,N92.0,Ferrous sulfate,SYN-BUNDA-V0000321-SRC
SYN-BUNDA-P0000322,38,Female,2023-02-14,Internal Medicine,Z30.9,Folic acid,SYN-BUNDA-V0000322-SRC
SYN-BUNDA-P0000323,37,Female,2023-06-13,General Practice,N94.6,Ibuprofen,SYN-BUNDA-V0000323-SRC
SYN-BUNDA-P0000324,36,Female,2023-10-10,Obstetrics and Gynecology,Z34.9,None recorded,SYN-BUNDA-V0000324-SRC
SYN-BUNDA-P0000325,35,Female,2024-02-06,Obstetrics and Gynecology,N93.9,Paracetamol,SYN-BUNDA-V0000325-SRC
SYN-BUNDA-P0000326,34,Female,2024-06-04,Internal Medicine,N92.0,Ferrous sulfate,SYN-BUNDA-V0000326-SRC
SYN-BUNDA-P0000327,33,Female,2024-10-01,General Practice,Z30.9,Folic acid,SYN-BUNDA-V0000327-SRC
SYN-BUNDA-P0000328,32,Female,2025-01-28,Obstetrics and Gynecology,N94.6,Ibuprofen,SYN-BUNDA-V0000328-SRC
SYN-BUNDA-P0000329,31,Female,2025-05-27,Obstetrics and Gynecology,Z34.9,None recorded,SYN-BUNDA-V0000329-SRC
SYN-BUNDA-P0000330,30,Female,2025-09-23,Internal Medicine,N93.9,Paracetamol,SYN-BUNDA-V0000330-SRC
SYN-BUNDA-P0000331,29,Female,2026-01-20,General Practice,N92.0,Ferrous sulfate,SYN-BUNDA-V0000331-SRC
SYN-BUNDA-P0000332,28,Female,2026-05-19,Obstetrics and Gynecology,Z30.9,Folic acid,SYN-BUNDA-V0000332-SRC
SYN-BUNDA-P0000333,27,Female,2023-02-23,Obstetrics and Gynecology,N94.6,Ibuprofen,SYN-BUNDA-V0000333-SRC
SYN-BUNDA-P0000334,26,Female,2023-06-22,Internal Medicine,Z34.9,None recorded,SYN-BUNDA-V0000334-SRC
SYN-BUNDA-P0000335,25,Female,2023-10-19,General Practice,N93.9,Paracetamol,SYN-BUNDA-V0000335-SRC
SYN-BUNDA-P0000336,24,Female,2024-02-15,Obstetrics and Gynecology,N92.0,Ferrous sulfate,SYN-BUNDA-V0000336-SRC
SYN-BUNDA-P0000337,23,Female,2024-06-13,Obstetrics and Gynecology,Z30.9,Folic acid,SYN-BUNDA-V0000337-SRC
SYN-BUNDA-P0000338,22,Female,2024-10-10,Internal Medicine,N94.6,Ibuprofen,SYN-BUNDA-V0000338-SRC
SYN-BUNDA-P0000339,21,Female,2025-02-06,General Practice,Z34.9,None recorded,SYN-BUNDA-V0000339-SRC
SYN-BUNDA-P0000340,20,Female,2025-06-05,Obstetrics and Gynecology,N93.9,Paracetamol,SYN-BUNDA-V0000340-SRC
SYN-BUNDA-P0000341,19,Female,2025-10-02,Obstetrics and Gynecology,N92.0,Ferrous sulfate,SYN-BUNDA-V0000341-SRC
SYN-BUNDA-P0000342,18,Female,2026-01-29,Internal Medicine,Z30.9,Folic acid,SYN-BUNDA-V0000342-SRC
SYN-BUNDA-P0000343,55,Female,2026-05-28,General Practice,N94.6,Ibuprofen,SYN-BUNDA-V0000343-SRC
SYN-BUNDA-P0000344,54,Female,2023-03-04,Obstetrics and Gynecology,Z34.9,None recorded,SYN-BUNDA-V0000344-SRC
SYN-BUNDA-P0000345,53,Female,2023-07-01,Obstetrics and Gynecology,N93.9,Paracetamol,SYN-BUNDA-V0000345-SRC
SYN-BUNDA-P0000346,52,Female,2023-10-28,Internal Medicine,N92.0,Ferrous sulfate,SYN-BUNDA-V0000346-SRC
SYN-BUNDA-P0000347,51,Female,2024-02-24,General Practice,Z30.9,Folic acid,SYN-BUNDA-V0000347-SRC
SYN-BUNDA-P0000348,50,Female,2024-06-22,Obstetrics and Gynecology,N94.6,Ibuprofen,SYN-BUNDA-V0000348-SRC
SYN-BUNDA-P0000349,49,Female,2024-10-19,Obstetrics and Gynecology,Z34.9,None recorded,SYN-BUNDA-V0000349-SRC
SYN-BUNDA-P0000350,48,Female,2025-02-15,Internal Medicine,N93.9,Paracetamol,SYN-BUNDA-V0000350-SRC
SYN-BUNDA-P0000351,47,Female,2025-06-14,General Practice,N92.0,Ferrous sulfate,SYN-BUNDA-V0000351-SRC
SYN-BUNDA-P0000352,46,Female,2025-10-11,Obstetrics and Gynecology,Z30.9,Folic acid,SYN-BUNDA-V0000352-SRC
SYN-BUNDA-P0000353,45,Female,2026-02-07,Obstetrics and Gynecology,N94.6,Ibuprofen,SYN-BUNDA-V0000353-SRC
SYN-BUNDA-P0000354,44,Female,2026-06-06,Internal Medicine,Z34.9,None recorded,SYN-BUNDA-V0000354-SRC
SYN-BUNDA-P0000355,43,Female,2023-03-13,General Practice,N93.9,Paracetamol,SYN-BUNDA-V0000355-SRC
SYN-BUNDA-P0000356,42,Female,2023-07-10,Obstetrics and Gynecology,N92.0,Ferrous sulfate,SYN-BUNDA-V0000356-SRC
SYN-BUNDA-P0000357,41,Female,2023-11-06,Obstetrics and Gynecology,Z30.9,Folic acid,SYN-BUNDA-V0000357-SRC
SYN-BUNDA-P0000358,40,Female,2024-03-04,Internal Medicine,N94.6,Ibuprofen,SYN-BUNDA-V0000358-SRC
SYN-BUNDA-P0000359,39,Female,2024-07-01,General Practice,Z34.9,None recorded,SYN-BUNDA-V0000359-SRC
SYN-BUNDA-P0000360,38,Female,2024-10-28,Obstetrics and Gynecology,N93.9,Paracetamol,SYN-BUNDA-V0000360-SRC
SYN-BUNDA-P0000361,37,Female,2025-02-24,Obstetrics and Gynecology,N92.0,Ferrous sulfate,SYN-BUNDA-V0000361-SRC
SYN-BUNDA-P0000362,36,Female,2025-06-23,Internal Medicine,Z30.9,Folic acid,SYN-BUNDA-V0000362-SRC
SYN-BUNDA-P0000363,35,Female,2025-10-20,General Practice,N94.6,Ibuprofen,SYN-BUNDA-V0000363-SRC
SYN-BUNDA-P0000364,34,Female,2026-02-16,Obstetrics and Gynecology,Z34.9,None recorded,SYN-BUNDA-V0000364-SRC
SYN-BUNDA-P0000365,33,Female,2026-06-15,Obstetrics and Gynecology,N93.9,Paracetamol,SYN-BUNDA-V0000365-SRC
SYN-BUNDA-P0000366,32,Female,2023-03-22,Internal Medicine,N92.0,Ferrous sulfate,SYN-BUNDA-V0000366-SRC
SYN-BUNDA-P0000367,31,Female,2023-07-19,General Practice,Z30.9,Folic acid,SYN-BUNDA-V0000367-SRC
SYN-BUNDA-P0000368,30,Female,2023-11-15,Obstetrics and Gynecology,N94.6,Ibuprofen,SYN-BUNDA-V0000368-SRC
SYN-BUNDA-P0000369,29,Female,2024-03-13,Obstetrics and Gynecology,Z34.9,None recorded,SYN-BUNDA-V0000369-SRC
SYN-BUNDA-P0000370,28,Female,2024-07-10,Internal Medicine,N93.9,Paracetamol,SYN-BUNDA-V0000370-SRC
SYN-BUNDA-P0000371,27,Female,2024-11-06,General Practice,N92.0,Ferrous sulfate,SYN-BUNDA-V0000371-SRC
SYN-BUNDA-P0000372,26,Female,2025-03-05,Obstetrics and Gynecology,Z30.9,Folic acid,SYN-BUNDA-V0000372-SRC
SYN-BUNDA-P0000373,25,Female,2025-07-02,Obstetrics and Gynecology,N94.6,Ibuprofen,SYN-BUNDA-V0000373-SRC
SYN-BUNDA-P0000374,24,Female,2025-10-29,Internal Medicine,Z34.9,None recorded,SYN-BUNDA-V0000374-SRC
SYN-BUNDA-P0000375,23,Female,2026-02-25,General Practice,N93.9,Paracetamol,SYN-BUNDA-V0000375-SRC
SYN-BUNDA-P0000376,22,Female,2026-06-24,Obstetrics and Gynecology,N92.0,Ferrous sulfate,SYN-BUNDA-V0000376-SRC
SYN-BUNDA-P0000377,21,Female,2023-03-31,Obstetrics and Gynecology,Z30.9,Folic acid,SYN-BUNDA-V0000377-SRC
SYN-BUNDA-P0000378,20,Female,2023-07-28,Internal Medicine,N94.6,Ibuprofen,SYN-BUNDA-V0000378-SRC
SYN-BUNDA-P0000379,19,Female,2023-11-24,General Practice,Z34.9,None recorded,SYN-BUNDA-V0000379-SRC
SYN-BUNDA-P0000380,18,Female,2024-03-22,Obstetrics and Gynecology,N93.9,Paracetamol,SYN-BUNDA-V0000380-SRC
SYN-BUNDA-P0000381,55,Female,2024-07-19,Obstetrics and Gynecology,N92.0,Ferrous sulfate,SYN-BUNDA-V0000381-SRC
SYN-BUNDA-P0000382,54,Female,2024-11-15,Internal Medicine,Z30.9,Folic acid,SYN-BUNDA-V0000382-SRC
SYN-BUNDA-P0000383,53,Female,2025-03-14,General Practice,N94.6,Ibuprofen,SYN-BUNDA-V0000383-SRC
SYN-BUNDA-P0000384,52,Female,2025-07-11,Obstetrics and Gynecology,Z34.9,None recorded,SYN-BUNDA-V0000384-SRC
SYN-BUNDA-P0000385,51,Female,2025-11-07,Obstetrics and Gynecology,N93.9,Paracetamol,SYN-BUNDA-V0000385-SRC
SYN-BUNDA-P0000386,50,Female,2026-03-06,Internal Medicine,N92.0,Ferrous sulfate,SYN-BUNDA-V0000386-SRC
SYN-BUNDA-P0000387,49,Female,2026-07-03,General Practice,Z30.9,Folic acid,SYN-BUNDA-V0000387-SRC
SYN-BUNDA-P0000388,48,Female,2023-04-09,Obstetrics and Gynecology,N94.6,Ibuprofen,SYN-BUNDA-V0000388-SRC
SYN-BUNDA-P0000389,47,Female,2023-08-06,Obstetrics and Gynecology,Z34.9,None recorded,SYN-BUNDA-V0000389-SRC
SYN-BUNDA-P0000390,46,Female,2023-12-03,Internal Medicine,N93.9,Paracetamol,SYN-BUNDA-V0000390-SRC
SYN-BUNDA-P0000391,45,Female,2024-03-31,General Practice,N92.0,Ferrous sulfate,SYN-BUNDA-V0000391-SRC
SYN-BUNDA-P0000392,44,Female,2024-07-28,Obstetrics and Gynecology,Z30.9,Folic acid,SYN-BUNDA-V0000392-SRC
SYN-BUNDA-P0000393,43,Female,2024-11-24,Obstetrics and Gynecology,N94.6,Ibuprofen,SYN-BUNDA-V0000393-SRC
SYN-BUNDA-P0000394,42,Female,2025-03-23,Internal Medicine,Z34.9,None recorded,SYN-BUNDA-V0000394-SRC
SYN-BUNDA-P0000395,41,Female,2025-07-20,General Practice,N93.9,Paracetamol,SYN-BUNDA-V0000395-SRC
SYN-BUNDA-P0000396,40,Female,2025-11-16,Obstetrics and Gynecology,N92.0,Ferrous sulfate,SYN-BUNDA-V0000396-SRC
SYN-BUNDA-P0000397,39,Female,2026-03-15,Obstetrics and Gynecology,Z30.9,Folic acid,SYN-BUNDA-V0000397-SRC
SYN-BUNDA-P0000398,38,Female,2026-07-12,Internal Medicine,N94.6,Ibuprofen,SYN-BUNDA-V0000398-SRC
SYN-BUNDA-P0000399,37,Female,2023-04-18,General Practice,Z34.9,None recorded,SYN-BUNDA-V0000399-SRC
SYN-BUNDA-P0000400,36,Female,2023-08-15,Obstetrics and Gynecology,N93.9,Paracetamol,SYN-BUNDA-V0000400-SRC
SYN-BUNDA-P0000401,35,Female,2023-12-12,Obstetrics and Gynecology,N92.0,Ferrous sulfate,SYN-BUNDA-V0000401-SRC
SYN-BUNDA-P0000402,34,Female,2024-04-09,Internal Medicine,Z30.9,Folic acid,SYN-BUNDA-V0000402-SRC
SYN-BUNDA-P0000403,33,Female,2024-08-06,General Practice,N94.6,Ibuprofen,SYN-BUNDA-V0000403-SRC
SYN-BUNDA-P0000404,32,Female,2024-12-03,Obstetrics and Gynecology,Z34.9,None recorded,SYN-BUNDA-V0000404-SRC
SYN-BUNDA-P0000405,31,Female,2025-04-01,Obstetrics and Gynecology,N93.9,Paracetamol,SYN-BUNDA-V0000405-SRC
SYN-BUNDA-P0000406,30,Female,2025-07-29,Internal Medicine,N92.0,Ferrous sulfate,SYN-BUNDA-V0000406-SRC
SYN-BUNDA-P0000407,29,Female,2025-11-25,General Practice,Z30.9,Folic acid,SYN-BUNDA-V0000407-SRC
SYN-BUNDA-P0000408,28,Female,2026-03-24,Obstetrics and Gynecology,N94.6,Ibuprofen,SYN-BUNDA-V0000408-SRC
SYN-BUNDA-P0000409,27,Female,2026-07-21,Obstetrics and Gynecology,Z34.9,None recorded,SYN-BUNDA-V0000409-SRC
SYN-BUNDA-P0000410,26,Female,2023-04-27,Internal Medicine,N93.9,Paracetamol,SYN-BUNDA-V0000410-SRC
SYN-BUNDA-P0000411,25,Female,2023-08-24,General Practice,N92.0,Ferrous sulfate,SYN-BUNDA-V0000411-SRC
SYN-BUNDA-P0000412,24,Female,2023-12-21,Obstetrics and Gynecology,Z30.9,Folic acid,SYN-BUNDA-V0000412-SRC
SYN-BUNDA-P0000413,23,Female,2024-04-18,Obstetrics and Gynecology,N94.6,Ibuprofen,SYN-BUNDA-V0000413-SRC
SYN-BUNDA-P0000414,22,Female,2024-08-15,Internal Medicine,Z34.9,None recorded,SYN-BUNDA-V0000414-SRC
SYN-BUNDA-P0000415,21,Female,2024-12-12,General Practice,N93.9,Paracetamol,SYN-BUNDA-V0000415-SRC
SYN-BUNDA-P0000416,20,Female,2025-04-10,Obstetrics and Gynecology,N92.0,Ferrous sulfate,SYN-BUNDA-V0000416-SRC
SYN-BUNDA-P0000417,19,Female,2025-08-07,Obstetrics and Gynecology,Z30.9,Folic acid,SYN-BUNDA-V0000417-SRC
SYN-BUNDA-P0000418,18,Female,2025-12-04,Internal Medicine,N94.6,Ibuprofen,SYN-BUNDA-V0000418-SRC
SYN-BUNDA-P0000419,55,Female,2026-04-02,General Practice,Z34.9,None recorded,SYN-BUNDA-V0000419-SRC
SYN-BUNDA-P0000420,54,Female,2023-01-07,Obstetrics and Gynecology,N93.9,Paracetamol,SYN-BUNDA-V0000420-SRC
SYN-BUNDA-P0000421,53,Female,2023-05-06,Obstetrics and Gynecology,N92.0,Ferrous sulfate,SYN-BUNDA-V0000421-SRC
SYN-BUNDA-P0000422,52,Female,2023-09-02,Internal Medicine,Z30.9,Folic acid,SYN-BUNDA-V0000422-SRC
SYN-BUNDA-P0000423,51,Female,2023-12-30,General Practice,N94.6,Ibuprofen,SYN-BUNDA-V0000423-SRC
SYN-BUNDA-P0000424,50,Female,2024-04-27,Obstetrics and Gynecology,Z34.9,None recorded,SYN-BUNDA-V0000424-SRC
SYN-BUNDA-P0000425,49,Female,2024-08-24,Obstetrics and Gynecology,N93.9,Paracetamol,SYN-BUNDA-V0000425-SRC
SYN-BUNDA-P0000426,48,Female,2024-12-21,Internal Medicine,N92.0,Ferrous sulfate,SYN-BUNDA-V0000426-SRC
SYN-BUNDA-P0000427,47,Female,2025-04-19,General Practice,Z30.9,Folic acid,SYN-BUNDA-V0000427-SRC
SYN-BUNDA-P0000428,46,Female,2025-08-16,Obstetrics and Gynecology,N94.6,Ibuprofen,SYN-BUNDA-V0000428-SRC
SYN-BUNDA-P0000429,45,Female,2025-12-13,Obstetrics and Gynecology,Z34.9,None recorded,SYN-BUNDA-V0000429-SRC
SYN-BUNDA-P0000430,44,Female,2026-04-11,Internal Medicine,N93.9,Paracetamol,SYN-BUNDA-V0000430-SRC
SYN-BUNDA-P0000431,43,Female,2023-01-16,General Practice,N92.0,Ferrous sulfate,SYN-BUNDA-V0000431-SRC
SYN-BUNDA-P0000432,42,Female,2023-05-15,Obstetrics and Gynecology,Z30.9,Folic acid,SYN-BUNDA-V0000432-SRC
SYN-BUNDA-P0000433,41,Female,2023-09-11,Obstetrics and Gynecology,N94.6,Ibuprofen,SYN-BUNDA-V0000433-SRC
SYN-BUNDA-P0000434,40,Female,2024-01-08,Internal Medicine,Z34.9,None recorded,SYN-BUNDA-V0000434-SRC
SYN-BUNDA-P0000435,39,Female,2024-05-06,General Practice,N93.9,Paracetamol,SYN-BUNDA-V0000435-SRC
SYN-BUNDA-P0000436,38,Female,2024-09-02,Obstetrics and Gynecology,N92.0,Ferrous sulfate,SYN-BUNDA-V0000436-SRC
SYN-BUNDA-P0000437,37,Female,2024-12-30,Obstetrics and Gynecology,Z30.9,Folic acid,SYN-BUNDA-V0000437-SRC
SYN-BUNDA-P0000438,36,Female,2025-04-28,Internal Medicine,N94.6,Ibuprofen,SYN-BUNDA-V0000438-SRC
SYN-BUNDA-P0000439,35,Female,2025-08-25,General Practice,Z34.9,None recorded,SYN-BUNDA-V0000439-SRC
SYN-BUNDA-P0000440,34,Female,2025-12-22,Obstetrics and Gynecology,N93.9,Paracetamol,SYN-BUNDA-V0000440-SRC
SYN-BUNDA-P0000441,33,Female,2026-04-20,Obstetrics and Gynecology,N92.0,Ferrous sulfate,SYN-BUNDA-V0000441-SRC
SYN-BUNDA-P0000442,32,Female,2023-01-25,Internal Medicine,Z30.9,Folic acid,SYN-BUNDA-V0000442-SRC
SYN-BUNDA-P0000443,31,Female,2023-05-24,General Practice,N94.6,Ibuprofen,SYN-BUNDA-V0000443-SRC
SYN-BUNDA-P0000444,30,Female,2023-09-20,Obstetrics and Gynecology,Z34.9,None recorded,SYN-BUNDA-V0000444-SRC
SYN-BUNDA-P0000445,29,Female,2024-01-17,Obstetrics and Gynecology,N93.9,Paracetamol,SYN-BUNDA-V0000445-SRC
SYN-BUNDA-P0000446,28,Female,2024-05-15,Internal Medicine,N92.0,Ferrous sulfate,SYN-BUNDA-V0000446-SRC
SYN-BUNDA-P0000447,27,Female,2024-09-11,General Practice,Z30.9,Folic acid,SYN-BUNDA-V0000447-SRC
SYN-BUNDA-P0000448,26,Female,2025-01-08,Obstetrics and Gynecology,N94.6,Ibuprofen,SYN-BUNDA-V0000448-SRC
SYN-BUNDA-P0000449,25,Female,2025-05-07,Obstetrics and Gynecology,Z34.9,None recorded,SYN-BUNDA-V0000449-SRC
SYN-BUNDA-P0000450,24,Female,2025-09-03,Internal Medicine,N93.9,Paracetamol,SYN-BUNDA-V0000450-SRC
SYN-BUNDA-P0000451,23,Female,2025-12-31,General Practice,N92.0,Ferrous sulfate,SYN-BUNDA-V0000451-SRC
SYN-BUNDA-P0000452,22,Female,2026-04-29,Obstetrics and Gynecology,Z30.9,Folic acid,SYN-BUNDA-V0000452-SRC
SYN-BUNDA-P0000453,21,Female,2023-02-03,Obstetrics and Gynecology,N94.6,Ibuprofen,SYN-BUNDA-V0000453-SRC
SYN-BUNDA-P0000454,20,Female,2023-06-02,Internal Medicine,Z34.9,None recorded,SYN-BUNDA-V0000454-SRC
SYN-BUNDA-P0000455,19,Female,2023-09-29,General Practice,N93.9,Paracetamol,SYN-BUNDA-V0000455-SRC
SYN-BUNDA-P0000456,18,Female,2024-01-26,Obstetrics and Gynecology,N92.0,Ferrous sulfate,SYN-BUNDA-V0000456-SRC
SYN-BUNDA-P0000457,55,Female,2024-05-24,Obstetrics and Gynecology,Z30.9,Folic acid,SYN-BUNDA-V0000457-SRC
SYN-BUNDA-P0000458,54,Female,2024-09-20,Internal Medicine,N94.6,Ibuprofen,SYN-BUNDA-V0000458-SRC
SYN-BUNDA-P0000459,53,Female,2025-01-17,General Practice,Z34.9,None recorded,SYN-BUNDA-V0000459-SRC
SYN-BUNDA-P0000460,52,Female,2025-05-16,Obstetrics and Gynecology,N93.9,Paracetamol,SYN-BUNDA-V0000460-SRC
SYN-BUNDA-P0000461,51,Female,2025-09-12,Obstetrics and Gynecology,N92.0,Ferrous sulfate,SYN-BUNDA-V0000461-SRC
SYN-BUNDA-P0000462,50,Female,2026-01-09,Internal Medicine,Z30.9,Folic acid,SYN-BUNDA-V0000462-SRC
SYN-BUNDA-P0000463,49,Female,2026-05-08,General Practice,N94.6,Ibuprofen,SYN-BUNDA-V0000463-SRC
SYN-BUNDA-P0000464,48,Female,2023-02-12,Obstetrics and Gynecology,Z34.9,None recorded,SYN-BUNDA-V0000464-SRC
SYN-BUNDA-P0000465,47,Female,2023-06-11,Obstetrics and Gynecology,N93.9,Paracetamol,SYN-BUNDA-V0000465-SRC
SYN-BUNDA-P0000466,46,Female,2023-10-08,Internal Medicine,N92.0,Ferrous sulfate,SYN-BUNDA-V0000466-SRC
SYN-BUNDA-P0000467,45,Female,2024-02-04,General Practice,Z30.9,Folic acid,SYN-BUNDA-V0000467-SRC
SYN-BUNDA-P0000468,44,Female,2024-06-02,Obstetrics and Gynecology,N94.6,Ibuprofen,SYN-BUNDA-V0000468-SRC
SYN-BUNDA-P0000469,43,Female,2024-09-29,Obstetrics and Gynecology,Z34.9,None recorded,SYN-BUNDA-V0000469-SRC
SYN-BUNDA-P0000470,42,Female,2025-01-26,Internal Medicine,N93.9,Paracetamol,SYN-BUNDA-V0000470-SRC
SYN-BUNDA-P0000471,41,Female,2025-05-25,General Practice,N92.0,Ferrous sulfate,SYN-BUNDA-V0000471-SRC
SYN-BUNDA-P0000472,40,Female,2025-09-21,Obstetrics and Gynecology,Z30.9,Folic acid,SYN-BUNDA-V0000472-SRC
SYN-BUNDA-P0000473,39,Female,2026-01-18,Obstetrics and Gynecology,N94.6,Ibuprofen,SYN-BUNDA-V0000473-SRC
SYN-BUNDA-P0000474,38,Female,2026-05-17,Internal Medicine,Z34.9,None recorded,SYN-BUNDA-V0000474-SRC
SYN-BUNDA-P0000475,37,Female,2023-02-21,General Practice,N93.9,Paracetamol,SYN-BUNDA-V0000475-SRC
SYN-BUNDA-P0000476,36,Female,2023-06-20,Obstetrics and Gynecology,N92.0,Ferrous sulfate,SYN-BUNDA-V0000476-SRC
SYN-BUNDA-P0000477,35,Female,2023-10-17,Obstetrics and Gynecology,Z30.9,Folic acid,SYN-BUNDA-V0000477-SRC
SYN-BUNDA-P0000478,34,Female,2024-02-13,Internal Medicine,N94.6,Ibuprofen,SYN-BUNDA-V0000478-SRC
SYN-BUNDA-P0000479,33,Female,2024-06-11,General Practice,Z34.9,None recorded,SYN-BUNDA-V0000479-SRC
SYN-BUNDA-P0000480,32,Female,2024-10-08,Obstetrics and Gynecology,N93.9,Paracetamol,SYN-BUNDA-V0000480-SRC
SYN-BUNDA-P0000481,31,Female,2025-02-04,Obstetrics and Gynecology,N92.0,Ferrous sulfate,SYN-BUNDA-V0000481-SRC
SYN-BUNDA-P0000482,30,Female,2025-06-03,Internal Medicine,Z30.9,Folic acid,SYN-BUNDA-V0000482-SRC
SYN-BUNDA-P0000483,29,Female,2025-09-30,General Practice,N94.6,Ibuprofen,SYN-BUNDA-V0000483-SRC
SYN-BUNDA-P0000484,28,Female,2026-01-27,Obstetrics and Gynecology,Z34.9,None recorded,SYN-BUNDA-V0000484-SRC
SYN-BUNDA-P0000485,27,Female,2026-05-26,Obstetrics and Gynecology,N93.9,Paracetamol,SYN-BUNDA-V0000485-SRC
SYN-BUNDA-P0000486,26,Female,2023-03-02,Internal Medicine,N92.0,Ferrous sulfate,SYN-BUNDA-V0000486-SRC
SYN-BUNDA-P0000487,25,Female,2023-06-29,General Practice,Z30.9,Folic acid,SYN-BUNDA-V0000487-SRC
SYN-BUNDA-P0000488,24,Female,2023-10-26,Obstetrics and Gynecology,N94.6,Ibuprofen,SYN-BUNDA-V0000488-SRC
SYN-BUNDA-P0000489,23,Female,2024-02-22,Obstetrics and Gynecology,Z34.9,None recorded,SYN-BUNDA-V0000489-SRC
SYN-BUNDA-P0000490,22,Female,2024-06-20,Internal Medicine,N93.9,Paracetamol,SYN-BUNDA-V0000490-SRC
SYN-BUNDA-P0000491,21,Female,2024-10-17,General Practice,N92.0,Ferrous sulfate,SYN-BUNDA-V0000491-SRC
SYN-BUNDA-P0000492,20,Female,2025-02-13,Obstetrics and Gynecology,Z30.9,Folic acid,SYN-BUNDA-V0000492-SRC
SYN-BUNDA-P0000493,19,Female,2025-06-12,Obstetrics and Gynecology,N94.6,Ibuprofen,SYN-BUNDA-V0000493-SRC
SYN-BUNDA-P0000494,18,Female,2025-10-09,Internal Medicine,Z34.9,None recorded,SYN-BUNDA-V0000494-SRC
SYN-BUNDA-P0000495,55,Female,2026-02-05,General Practice,N93.9,Paracetamol,SYN-BUNDA-V0000495-SRC
SYN-BUNDA-P0000496,54,Female,2026-06-04,Obstetrics and Gynecology,N92.0,Ferrous sulfate,SYN-BUNDA-V0000496-SRC
SYN-BUNDA-P0000497,53,Female,2023-03-11,Obstetrics and Gynecology,Z30.9,Folic acid,SYN-BUNDA-V0000497-SRC
SYN-BUNDA-P0000498,52,Female,2023-07-08,Internal Medicine,N94.6,Ibuprofen,SYN-BUNDA-V0000498-SRC
SYN-BUNDA-P0000499,51,Female,2023-11-04,General Practice,Z34.9,None recorded,SYN-BUNDA-V0000499-SRC
SYN-BUNDA-P0000500,50,Female,2024-03-02,Obstetrics and Gynecology,N93.9,Paracetamol,SYN-BUNDA-V0000500-SRC
SYN-BUNDA-P0000501,49,Female,2024-06-29,Obstetrics and Gynecology,N92.0,Ferrous sulfate,SYN-BUNDA-V0000501-SRC
SYN-BUNDA-P0000502,48,Female,2024-10-26,Internal Medicine,Z30.9,Folic acid,SYN-BUNDA-V0000502-SRC
SYN-BUNDA-P0000503,47,Female,2025-02-22,General Practice,N94.6,Ibuprofen,SYN-BUNDA-V0000503-SRC
SYN-BUNDA-P0000504,46,Female,2025-06-21,Obstetrics and Gynecology,Z34.9,None recorded,SYN-BUNDA-V0000504-SRC
SYN-BUNDA-P0000505,45,Female,2025-10-18,Obstetrics and Gynecology,N93.9,Paracetamol,SYN-BUNDA-V0000505-SRC
SYN-BUNDA-P0000506,44,Female,2026-02-14,Internal Medicine,N92.0,Ferrous sulfate,SYN-BUNDA-V0000506-SRC
SYN-BUNDA-P0000507,43,Female,2026-06-13,General Practice,Z30.9,Folic acid,SYN-BUNDA-V0000507-SRC
SYN-BUNDA-P0000508,42,Female,2023-03-20,Obstetrics and Gynecology,N94.6,Ibuprofen,SYN-BUNDA-V0000508-SRC
SYN-BUNDA-P0000509,41,Female,2023-07-17,Obstetrics and Gynecology,Z34.9,None recorded,SYN-BUNDA-V0000509-SRC
SYN-BUNDA-P0000510,40,Female,2023-11-13,Internal Medicine,N93.9,Paracetamol,SYN-BUNDA-V0000510-SRC
SYN-BUNDA-P0000511,39,Female,2024-03-11,General Practice,N92.0,Ferrous sulfate,SYN-BUNDA-V0000511-SRC
SYN-BUNDA-P0000512,38,Female,2024-07-08,Obstetrics and Gynecology,Z30.9,Folic acid,SYN-BUNDA-V0000512-SRC
SYN-BUNDA-P0000513,37,Female,2024-11-04,Obstetrics and Gynecology,N94.6,Ibuprofen,SYN-BUNDA-V0000513-SRC
SYN-BUNDA-P0000514,36,Female,2025-03-03,Internal Medicine,Z34.9,None recorded,SYN-BUNDA-V0000514-SRC
SYN-BUNDA-P0000515,35,Female,2025-06-30,General Practice,N93.9,Paracetamol,SYN-BUNDA-V0000515-SRC
SYN-BUNDA-P0000516,34,Female,2025-10-27,Obstetrics and Gynecology,N92.0,Ferrous sulfate,SYN-BUNDA-V0000516-SRC
SYN-BUNDA-P0000517,33,Female,2026-02-23,Obstetrics and Gynecology,Z30.9,Folic acid,SYN-BUNDA-V0000517-SRC
SYN-BUNDA-P0000518,32,Female,2026-06-22,Internal Medicine,N94.6,Ibuprofen,SYN-BUNDA-V0000518-SRC
SYN-BUNDA-P0000519,31,Female,2023-03-29,General Practice,Z34.9,None recorded,SYN-BUNDA-V0000519-SRC
SYN-BUNDA-P0000520,30,Female,2023-07-26,Obstetrics and Gynecology,N93.9,Paracetamol,SYN-BUNDA-V0000520-SRC
SYN-BUNDA-P0000521,29,Female,2023-11-22,Obstetrics and Gynecology,N92.0,Ferrous sulfate,SYN-BUNDA-V0000521-SRC
SYN-BUNDA-P0000522,28,Female,2024-03-20,Internal Medicine,Z30.9,Folic acid,SYN-BUNDA-V0000522-SRC
SYN-BUNDA-P0000523,27,Female,2024-07-17,General Practice,N94.6,Ibuprofen,SYN-BUNDA-V0000523-SRC
SYN-BUNDA-P0000524,26,Female,2024-11-13,Obstetrics and Gynecology,Z34.9,None recorded,SYN-BUNDA-V0000524-SRC
SYN-BUNDA-P0000525,25,Female,2025-03-12,Obstetrics and Gynecology,N93.9,Paracetamol,SYN-BUNDA-V0000525-SRC
SYN-BUNDA-P0000526,24,Female,2025-07-09,Internal Medicine,N92.0,Ferrous sulfate,SYN-BUNDA-V0000526-SRC
SYN-BUNDA-P0000527,23,Female,2025-11-05,General Practice,Z30.9,Folic acid,SYN-BUNDA-V0000527-SRC
SYN-BUNDA-P0000528,22,Female,2026-03-04,Obstetrics and Gynecology,N94.6,Ibuprofen,SYN-BUNDA-V0000528-SRC
SYN-BUNDA-P0000529,21,Female,2026-07-01,Obstetrics and Gynecology,Z34.9,None recorded,SYN-BUNDA-V0000529-SRC
SYN-BUNDA-P0000530,20,Female,2023-04-07,Internal Medicine,N93.9,Paracetamol,SYN-BUNDA-V0000530-SRC
SYN-BUNDA-P0000531,19,Female,2023-08-04,General Practice,N92.0,Ferrous sulfate,SYN-BUNDA-V0000531-SRC
SYN-BUNDA-P0000532,18,Female,2023-12-01,Obstetrics and Gynecology,Z30.9,Folic acid,SYN-BUNDA-V0000532-SRC
SYN-BUNDA-P0000533,55,Female,2024-03-29,Obstetrics and Gynecology,N94.6,Ibuprofen,SYN-BUNDA-V0000533-SRC
SYN-BUNDA-P0000534,54,Female,2024-07-26,Internal Medicine,Z34.9,None recorded,SYN-BUNDA-V0000534-SRC
SYN-BUNDA-P0000535,53,Female,2024-11-22,General Practice,N93.9,Paracetamol,SYN-BUNDA-V0000535-SRC
SYN-BUNDA-P0000536,52,Female,2025-03-21,Obstetrics and Gynecology,N92.0,Ferrous sulfate,SYN-BUNDA-V0000536-SRC
SYN-BUNDA-P0000537,51,Female,2025-07-18,Obstetrics and Gynecology,Z30.9,Folic acid,SYN-BUNDA-V0000537-SRC
SYN-BUNDA-P0000538,50,Female,2025-11-14,Internal Medicine,N94.6,Ibuprofen,SYN-BUNDA-V0000538-SRC
SYN-BUNDA-P0000539,49,Female,2026-03-13,General Practice,Z34.9,None recorded,SYN-BUNDA-V0000539-SRC
SYN-BUNDA-P0000540,48,Female,2026-07-10,Obstetrics and Gynecology,N93.9,Paracetamol,SYN-BUNDA-V0000540-SRC
SYN-BUNDA-P0000541,47,Female,2023-04-16,Obstetrics and Gynecology,N92.0,Ferrous sulfate,SYN-BUNDA-V0000541-SRC
SYN-BUNDA-P0000542,46,Female,2023-08-13,Internal Medicine,Z30.9,Folic acid,SYN-BUNDA-V0000542-SRC
SYN-BUNDA-P0000543,45,Female,2023-12-10,General Practice,N94.6,Ibuprofen,SYN-BUNDA-V0000543-SRC
SYN-BUNDA-P0000544,44,Female,2024-04-07,Obstetrics and Gynecology,Z34.9,None recorded,SYN-BUNDA-V0000544-SRC
SYN-BUNDA-P0000545,43,Female,2024-08-04,Obstetrics and Gynecology,N93.9,Paracetamol,SYN-BUNDA-V0000545-SRC
SYN-BUNDA-P0000546,42,Female,2024-12-01,Internal Medicine,N92.0,Ferrous sulfate,SYN-BUNDA-V0000546-SRC
SYN-BUNDA-P0000547,41,Female,2025-03-30,General Practice,Z30.9,Folic acid,SYN-BUNDA-V0000547-SRC
SYN-BUNDA-P0000548,40,Female,2025-07-27,Obstetrics and Gynecology,N94.6,Ibuprofen,SYN-BUNDA-V0000548-SRC
SYN-BUNDA-P0000549,39,Female,2025-11-23,Obstetrics and Gynecology,Z34.9,None recorded,SYN-BUNDA-V0000549-SRC
SYN-BUNDA-P0000550,38,Female,2026-03-22,Internal Medicine,N93.9,Paracetamol,SYN-BUNDA-V0000550-SRC
SYN-BUNDA-P0000551,37,Female,2026-07-19,General Practice,N92.0,Ferrous sulfate,SYN-BUNDA-V0000551-SRC
SYN-BUNDA-P0000552,36,Female,2023-04-25,Obstetrics and Gynecology,Z30.9,Folic acid,SYN-BUNDA-V0000552-SRC
SYN-BUNDA-P0000553,35,Female,2023-08-22,Obstetrics and Gynecology,N94.6,Ibuprofen,SYN-BUNDA-V0000553-SRC
SYN-BUNDA-P0000554,34,Female,2023-12-19,Internal Medicine,Z34.9,None recorded,SYN-BUNDA-V0000554-SRC
SYN-BUNDA-P0000555,33,Female,2024-04-16,General Practice,N93.9,Paracetamol,SYN-BUNDA-V0000555-SRC
SYN-BUNDA-P0000556,32,Female,2024-08-13,Obstetrics and Gynecology,N92.0,Ferrous sulfate,SYN-BUNDA-V0000556-SRC
SYN-BUNDA-P0000557,31,Female,2024-12-10,Obstetrics and Gynecology,Z30.9,Folic acid,SYN-BUNDA-V0000557-SRC
SYN-BUNDA-P0000558,30,Female,2025-04-08,Internal Medicine,N94.6,Ibuprofen,SYN-BUNDA-V0000558-SRC
SYN-BUNDA-P0000559,29,Female,2025-08-05,General Practice,Z34.9,None recorded,SYN-BUNDA-V0000559-SRC
SYN-BUNDA-P0000560,28,Female,2025-12-02,Obstetrics and Gynecology,N93.9,Paracetamol,SYN-BUNDA-V0000560-SRC
SYN-BUNDA-P0000561,27,Female,2026-03-31,Obstetrics and Gynecology,N92.0,Ferrous sulfate,SYN-BUNDA-V0000561-SRC
SYN-BUNDA-P0000562,26,Female,2023-01-05,Internal Medicine,Z30.9,Folic acid,SYN-BUNDA-V0000562-SRC
SYN-BUNDA-P0000563,25,Female,2023-05-04,General Practice,N94.6,Ibuprofen,SYN-BUNDA-V0000563-SRC
SYN-BUNDA-P0000564,24,Female,2023-08-31,Obstetrics and Gynecology,Z34.9,None recorded,SYN-BUNDA-V0000564-SRC
SYN-BUNDA-P0000565,23,Female,2023-12-28,Obstetrics and Gynecology,N93.9,Paracetamol,SYN-BUNDA-V0000565-SRC
SYN-BUNDA-P0000566,22,Female,2024-04-25,Internal Medicine,N92.0,Ferrous sulfate,SYN-BUNDA-V0000566-SRC
SYN-BUNDA-P0000567,21,Female,2024-08-22,General Practice,Z30.9,Folic acid,SYN-BUNDA-V0000567-SRC
SYN-BUNDA-P0000568,20,Female,2024-12-19,Obstetrics and Gynecology,N94.6,Ibuprofen,SYN-BUNDA-V0000568-SRC
SYN-BUNDA-P0000569,19,Female,2025-04-17,Obstetrics and Gynecology,Z34.9,None recorded,SYN-BUNDA-V0000569-SRC
SYN-BUNDA-P0000570,18,Female,2025-08-14,Internal Medicine,N93.9,Paracetamol,SYN-BUNDA-V0000570-SRC
SYN-BUNDA-P0000571,55,Female,2025-12-11,General Practice,N92.0,Ferrous sulfate,SYN-BUNDA-V0000571-SRC
SYN-BUNDA-P0000572,54,Female,2026-04-09,Obstetrics and Gynecology,Z30.9,Folic acid,SYN-BUNDA-V0000572-SRC
SYN-BUNDA-P0000573,53,Female,2023-01-14,Obstetrics and Gynecology,N94.6,Ibuprofen,SYN-BUNDA-V0000573-SRC
SYN-BUNDA-P0000574,52,Female,2023-05-13,Internal Medicine,Z34.9,None recorded,SYN-BUNDA-V0000574-SRC
SYN-BUNDA-P0000575,51,Female,2023-09-09,General Practice,N93.9,Paracetamol,SYN-BUNDA-V0000575-SRC
SYN-BUNDA-P0000576,50,Female,2024-01-06,Obstetrics and Gynecology,N92.0,Ferrous sulfate,SYN-BUNDA-V0000576-SRC
SYN-BUNDA-P0000577,49,Female,2024-05-04,Obstetrics and Gynecology,Z30.9,Folic acid,SYN-BUNDA-V0000577-SRC
SYN-BUNDA-P0000578,48,Female,2024-08-31,Internal Medicine,N94.6,Ibuprofen,SYN-BUNDA-V0000578-SRC
SYN-BUNDA-P0000579,47,Female,2024-12-28,General Practice,Z34.9,None recorded,SYN-BUNDA-V0000579-SRC
SYN-BUNDA-P0000580,46,Female,2025-04-26,Obstetrics and Gynecology,N93.9,Paracetamol,SYN-BUNDA-V0000580-SRC
SYN-BUNDA-P0000581,45,Female,2025-08-23,Obstetrics and Gynecology,N92.0,Ferrous sulfate,SYN-BUNDA-V0000581-SRC
SYN-BUNDA-P0000582,44,Female,2025-12-20,Internal Medicine,Z30.9,Folic acid,SYN-BUNDA-V0000582-SRC
SYN-BUNDA-P0000583,43,Female,2026-04-18,General Practice,N94.6,Ibuprofen,SYN-BUNDA-V0000583-SRC
SYN-BUNDA-P0000584,42,Female,2023-01-23,Obstetrics and Gynecology,Z34.9,None recorded,SYN-BUNDA-V0000584-SRC
SYN-BUNDA-P0000585,41,Female,2023-05-22,Obstetrics and Gynecology,N93.9,Paracetamol,SYN-BUNDA-V0000585-SRC
SYN-BUNDA-P0000586,40,Female,2023-09-18,Internal Medicine,N92.0,Ferrous sulfate,SYN-BUNDA-V0000586-SRC
SYN-BUNDA-P0000587,39,Female,2024-01-15,General Practice,Z30.9,Folic acid,SYN-BUNDA-V0000587-SRC
SYN-BUNDA-P0000588,38,Female,2024-05-13,Obstetrics and Gynecology,N94.6,Ibuprofen,SYN-BUNDA-V0000588-SRC
SYN-BUNDA-P0000589,37,Female,2024-09-09,Obstetrics and Gynecology,Z34.9,None recorded,SYN-BUNDA-V0000589-SRC
SYN-BUNDA-P0000590,36,Female,2025-01-06,Internal Medicine,N93.9,Paracetamol,SYN-BUNDA-V0000590-SRC
SYN-BUNDA-P0000591,35,Female,2025-05-05,General Practice,N92.0,Ferrous sulfate,SYN-BUNDA-V0000591-SRC
SYN-BUNDA-P0000592,34,Female,2025-09-01,Obstetrics and Gynecology,Z30.9,Folic acid,SYN-BUNDA-V0000592-SRC
SYN-BUNDA-P0000593,33,Female,2025-12-29,Obstetrics and Gynecology,N94.6,Ibuprofen,SYN-BUNDA-V0000593-SRC
SYN-BUNDA-P0000594,32,Female,2026-04-27,Internal Medicine,Z34.9,None recorded,SYN-BUNDA-V0000594-SRC
SYN-BUNDA-P0000595,31,Female,2023-02-01,General Practice,N93.9,Paracetamol,SYN-BUNDA-V0000595-SRC
SYN-BUNDA-P0000596,30,Female,2023-05-31,Obstetrics and Gynecology,N92.0,Ferrous sulfate,SYN-BUNDA-V0000596-SRC
SYN-BUNDA-P0000597,29,Female,2023-09-27,Obstetrics and Gynecology,Z30.9,Folic acid,SYN-BUNDA-V0000597-SRC
SYN-BUNDA-P0000598,28,Female,2024-01-24,Internal Medicine,N94.6,Ibuprofen,SYN-BUNDA-V0000598-SRC
SYN-BUNDA-P0000599,27,Female,2024-05-22,General Practice,Z34.9,None recorded,SYN-BUNDA-V0000599-SRC
SYN-BUNDA-P0000600,26,Female,2024-09-18,Obstetrics and Gynecology,N93.9,Paracetamol,SYN-BUNDA-V0000600-SRC
SYN-BUNDA-P0000601,25,Female,2025-01-15,Obstetrics and Gynecology,N92.0,Ferrous sulfate,SYN-BUNDA-V0000601-SRC
SYN-BUNDA-P0000602,24,Female,2025-05-14,Internal Medicine,Z30.9,Folic acid,SYN-BUNDA-V0000602-SRC
SYN-BUNDA-P0000603,23,Female,2025-09-10,General Practice,N94.6,Ibuprofen,SYN-BUNDA-V0000603-SRC
SYN-BUNDA-P0000604,22,Female,2026-01-07,Obstetrics and Gynecology,Z34.9,None recorded,SYN-BUNDA-V0000604-SRC
SYN-BUNDA-P0000605,21,Female,2026-05-06,Obstetrics and Gynecology,N93.9,Paracetamol,SYN-BUNDA-V0000605-SRC
SYN-BUNDA-P0000606,20,Female,2023-02-10,Internal Medicine,N92.0,Ferrous sulfate,SYN-BUNDA-V0000606-SRC
SYN-BUNDA-P0000607,19,Female,2023-06-09,General Practice,Z30.9,Folic acid,SYN-BUNDA-V0000607-SRC
SYN-BUNDA-P0000608,18,Female,2023-10-06,Obstetrics and Gynecology,N94.6,Ibuprofen,SYN-BUNDA-V0000608-SRC
SYN-BUNDA-P0000609,55,Female,2024-02-02,Obstetrics and Gynecology,Z34.9,None recorded,SYN-BUNDA-V0000609-SRC
SYN-BUNDA-P0000610,54,Female,2024-05-31,Internal Medicine,N93.9,Paracetamol,SYN-BUNDA-V0000610-SRC
SYN-BUNDA-P0000611,53,Female,2024-09-27,General Practice,N92.0,Ferrous sulfate,SYN-BUNDA-V0000611-SRC
SYN-BUNDA-P0000612,52,Female,2025-01-24,Obstetrics and Gynecology,Z30.9,Folic acid,SYN-BUNDA-V0000612-SRC
SYN-BUNDA-P0000613,51,Female,2025-05-23,Obstetrics and Gynecology,N94.6,Ibuprofen,SYN-BUNDA-V0000613-SRC
SYN-BUNDA-P0000614,50,Female,2025-09-19,Internal Medicine,Z34.9,None recorded,SYN-BUNDA-V0000614-SRC
SYN-BUNDA-P0000615,49,Female,2026-01-16,General Practice,N93.9,Paracetamol,SYN-BUNDA-V0000615-SRC
SYN-BUNDA-P0000616,48,Female,2026-05-15,Obstetrics and Gynecology,N92.0,Ferrous sulfate,SYN-BUNDA-V0000616-SRC
SYN-BUNDA-P0000617,47,Female,2023-02-19,Obstetrics and Gynecology,Z30.9,Folic acid,SYN-BUNDA-V0000617-SRC
SYN-BUNDA-P0000618,46,Female,2023-06-18,Internal Medicine,N94.6,Ibuprofen,SYN-BUNDA-V0000618-SRC
SYN-BUNDA-P0000619,45,Female,2023-10-15,General Practice,Z34.9,None recorded,SYN-BUNDA-V0000619-SRC
SYN-BUNDA-P0000620,44,Female,2024-02-11,Obstetrics and Gynecology,N93.9,Paracetamol,SYN-BUNDA-V0000620-SRC
SYN-BUNDA-P0000621,43,Female,2024-06-09,Obstetrics and Gynecology,N92.0,Ferrous sulfate,SYN-BUNDA-V0000621-SRC
SYN-BUNDA-P0000622,42,Female,2024-10-06,Internal Medicine,Z30.9,Folic acid,SYN-BUNDA-V0000622-SRC
SYN-BUNDA-P0000623,41,Female,2025-02-02,General Practice,N94.6,Ibuprofen,SYN-BUNDA-V0000623-SRC
SYN-BUNDA-P0000624,40,Female,2025-06-01,Obstetrics and Gynecology,Z34.9,None recorded,SYN-BUNDA-V0000624-SRC
SYN-BUNDA-P0000625,39,Female,2025-09-28,Obstetrics and Gynecology,N93.9,Paracetamol,SYN-BUNDA-V0000625-SRC
SYN-BUNDA-P0000626,38,Female,2026-01-25,Internal Medicine,N92.0,Ferrous sulfate,SYN-BUNDA-V0000626-SRC
SYN-BUNDA-P0000627,37,Female,2026-05-24,General Practice,Z30.9,Folic acid,SYN-BUNDA-V0000627-SRC
SYN-BUNDA-P0000628,36,Female,2023-02-28,Obstetrics and Gynecology,N94.6,Ibuprofen,SYN-BUNDA-V0000628-SRC
SYN-BUNDA-P0000629,35,Female,2023-06-27,Obstetrics and Gynecology,Z34.9,None recorded,SYN-BUNDA-V0000629-SRC
SYN-BUNDA-P0000630,34,Female,2023-10-24,Internal Medicine,N93.9,Paracetamol,SYN-BUNDA-V0000630-SRC
SYN-BUNDA-P0000631,33,Female,2024-02-20,General Practice,N92.0,Ferrous sulfate,SYN-BUNDA-V0000631-SRC
SYN-BUNDA-P0000632,32,Female,2024-06-18,Obstetrics and Gynecology,Z30.9,Folic acid,SYN-BUNDA-V0000632-SRC
SYN-BUNDA-P0000633,31,Female,2024-10-15,Obstetrics and Gynecology,N94.6,Ibuprofen,SYN-BUNDA-V0000633-SRC
SYN-BUNDA-P0000634,30,Female,2025-02-11,Internal Medicine,Z34.9,None recorded,SYN-BUNDA-V0000634-SRC
SYN-BUNDA-P0000635,29,Female,2025-06-10,General Practice,N93.9,Paracetamol,SYN-BUNDA-V0000635-SRC
SYN-BUNDA-P0000636,28,Female,2025-10-07,Obstetrics and Gynecology,N92.0,Ferrous sulfate,SYN-BUNDA-V0000636-SRC
SYN-BUNDA-P0000637,27,Female,2026-02-03,Obstetrics and Gynecology,Z30.9,Folic acid,SYN-BUNDA-V0000637-SRC
SYN-BUNDA-P0000638,26,Female,2026-06-02,Internal Medicine,N94.6,Ibuprofen,SYN-BUNDA-V0000638-SRC
SYN-BUNDA-P0000639,25,Female,2023-03-09,General Practice,Z34.9,None recorded,SYN-BUNDA-V0000639-SRC
SYN-BUNDA-P0000640,24,Female,2023-07-06,Obstetrics and Gynecology,N93.9,Paracetamol,SYN-BUNDA-V0000640-SRC
SYN-BUNDA-P0000641,23,Female,2023-11-02,Obstetrics and Gynecology,N92.0,Ferrous sulfate,SYN-BUNDA-V0000641-SRC
SYN-BUNDA-P0000642,22,Female,2024-02-29,Internal Medicine,Z30.9,Folic acid,SYN-BUNDA-V0000642-SRC
SYN-BUNDA-P0000643,21,Female,2024-06-27,General Practice,N94.6,Ibuprofen,SYN-BUNDA-V0000643-SRC
SYN-BUNDA-P0000644,20,Female,2024-10-24,Obstetrics and Gynecology,Z34.9,None recorded,SYN-BUNDA-V0000644-SRC
SYN-BUNDA-P0000645,19,Female,2025-02-20,Obstetrics and Gynecology,N93.9,Paracetamol,SYN-BUNDA-V0000645-SRC
SYN-BUNDA-P0000646,18,Female,2025-06-19,Internal Medicine,N92.0,Ferrous sulfate,SYN-BUNDA-V0000646-SRC
SYN-BUNDA-P0000647,55,Female,2025-10-16,General Practice,Z30.9,Folic acid,SYN-BUNDA-V0000647-SRC
SYN-BUNDA-P0000648,54,Female,2026-02-12,Obstetrics and Gynecology,N94.6,Ibuprofen,SYN-BUNDA-V0000648-SRC
SYN-BUNDA-P0000649,53,Female,2026-06-11,Obstetrics and Gynecology,Z34.9,None recorded,SYN-BUNDA-V0000649-SRC
SYN-BUNDA-P0000650,52,Female,2023-03-18,Internal Medicine,N93.9,Paracetamol,SYN-BUNDA-V0000650-SRC
SYN-BUNDA-P0000651,51,Female,2023-07-15,General Practice,N92.0,Ferrous sulfate,SYN-BUNDA-V0000651-SRC
SYN-BUNDA-P0000652,50,Female,2023-11-11,Obstetrics and Gynecology,Z30.9,Folic acid,SYN-BUNDA-V0000652-SRC
SYN-BUNDA-P0000653,49,Female,2024-03-09,Obstetrics and Gynecology,N94.6,Ibuprofen,SYN-BUNDA-V0000653-SRC
SYN-BUNDA-P0000654,48,Female,2024-07-06,Internal Medicine,Z34.9,None recorded,SYN-BUNDA-V0000654-SRC
SYN-BUNDA-P0000655,47,Female,2024-11-02,General Practice,N93.9,Paracetamol,SYN-BUNDA-V0000655-SRC
SYN-BUNDA-P0000656,46,Female,2025-03-01,Obstetrics and Gynecology,N92.0,Ferrous sulfate,SYN-BUNDA-V0000656-SRC
SYN-BUNDA-P0000657,45,Female,2025-06-28,Obstetrics and Gynecology,Z30.9,Folic acid,SYN-BUNDA-V0000657-SRC
SYN-BUNDA-P0000658,44,Female,2025-10-25,Internal Medicine,N94.6,Ibuprofen,SYN-BUNDA-V0000658-SRC
SYN-BUNDA-P0000659,43,Female,2026-02-21,General Practice,Z34.9,None recorded,SYN-BUNDA-V0000659-SRC
SYN-BUNDA-P0000660,42,Female,2026-06-20,Obstetrics and Gynecology,N93.9,Paracetamol,SYN-BUNDA-V0000660-SRC
SYN-BUNDA-P0000661,41,Female,2023-03-27,Obstetrics and Gynecology,N92.0,Ferrous sulfate,SYN-BUNDA-V0000661-SRC
SYN-BUNDA-P0000662,40,Female,2023-07-24,Internal Medicine,Z30.9,Folic acid,SYN-BUNDA-V0000662-SRC
SYN-BUNDA-P0000663,39,Female,2023-11-20,General Practice,N94.6,Ibuprofen,SYN-BUNDA-V0000663-SRC
SYN-BUNDA-P0000664,38,Female,2024-03-18,Obstetrics and Gynecology,Z34.9,None recorded,SYN-BUNDA-V0000664-SRC
SYN-BUNDA-P0000665,37,Female,2024-07-15,Obstetrics and Gynecology,N93.9,Paracetamol,SYN-BUNDA-V0000665-SRC
SYN-BUNDA-P0000666,36,Female,2024-11-11,Internal Medicine,N92.0,Ferrous sulfate,SYN-BUNDA-V0000666-SRC
SYN-BUNDA-P0000667,35,Female,2025-03-10,General Practice,Z30.9,Folic acid,SYN-BUNDA-V0000667-SRC
SYN-BUNDA-P0000668,34,Female,2025-07-07,Obstetrics and Gynecology,N94.6,Ibuprofen,SYN-BUNDA-V0000668-SRC
SYN-BUNDA-P0000669,33,Female,2025-11-03,Obstetrics and Gynecology,Z34.9,None recorded,SYN-BUNDA-V0000669-SRC
SYN-BUNDA-P0000670,32,Female,2026-03-02,Internal Medicine,N93.9,Paracetamol,SYN-BUNDA-V0000670-SRC
SYN-BUNDA-P0000671,31,Female,2026-06-29,General Practice,N92.0,Ferrous sulfate,SYN-BUNDA-V0000671-SRC
SYN-BUNDA-P0000672,30,Female,2023-04-05,Obstetrics and Gynecology,Z30.9,Folic acid,SYN-BUNDA-V0000672-SRC
SYN-BUNDA-P0000673,29,Female,2023-08-02,Obstetrics and Gynecology,N94.6,Ibuprofen,SYN-BUNDA-V0000673-SRC
SYN-BUNDA-P0000674,28,Female,2023-11-29,Internal Medicine,Z34.9,None recorded,SYN-BUNDA-V0000674-SRC
SYN-BUNDA-P0000675,27,Female,2024-03-27,General Practice,N93.9,Paracetamol,SYN-BUNDA-V0000675-SRC
SYN-BUNDA-P0000676,26,Female,2024-07-24,Obstetrics and Gynecology,N92.0,Ferrous sulfate,SYN-BUNDA-V0000676-SRC
SYN-BUNDA-P0000677,25,Female,2024-11-20,Obstetrics and Gynecology,Z30.9,Folic acid,SYN-BUNDA-V0000677-SRC
SYN-BUNDA-P0000678,24,Female,2025-03-19,Internal Medicine,N94.6,Ibuprofen,SYN-BUNDA-V0000678-SRC
SYN-BUNDA-P0000679,23,Female,2025-07-16,General Practice,Z34.9,None recorded,SYN-BUNDA-V0000679-SRC
SYN-BUNDA-P0000680,22,Female,2025-11-12,Obstetrics and Gynecology,N93.9,Paracetamol,SYN-BUNDA-V0000680-SRC
SYN-BUNDA-P0000681,21,Female,2026-03-11,Obstetrics and Gynecology,N92.0,Ferrous sulfate,SYN-BUNDA-V0000681-SRC
SYN-BUNDA-P0000682,20,Female,2026-07-08,Internal Medicine,Z30.9,Folic acid,SYN-BUNDA-V0000682-SRC
SYN-BUNDA-P0000683,19,Female,2023-04-14,General Practice,N94.6,Ibuprofen,SYN-BUNDA-V0000683-SRC
SYN-BUNDA-P0000684,18,Female,2023-08-11,Obstetrics and Gynecology,Z34.9,None recorded,SYN-BUNDA-V0000684-SRC
SYN-BUNDA-P0000685,55,Female,2023-12-08,Obstetrics and Gynecology,N93.9,Paracetamol,SYN-BUNDA-V0000685-SRC
SYN-BUNDA-P0000686,54,Female,2024-04-05,Internal Medicine,N92.0,Ferrous sulfate,SYN-BUNDA-V0000686-SRC
SYN-BUNDA-P0000687,53,Female,2024-08-02,General Practice,Z30.9,Folic acid,SYN-BUNDA-V0000687-SRC
SYN-BUNDA-P0000688,52,Female,2024-11-29,Obstetrics and Gynecology,N94.6,Ibuprofen,SYN-BUNDA-V0000688-SRC
SYN-BUNDA-P0000689,51,Female,2025-03-28,Obstetrics and Gynecology,Z34.9,None recorded,SYN-BUNDA-V0000689-SRC
SYN-BUNDA-P0000690,50,Female,2025-07-25,Internal Medicine,N93.9,Paracetamol,SYN-BUNDA-V0000690-SRC
SYN-BUNDA-P0000691,49,Female,2025-11-21,General Practice,N92.0,Ferrous sulfate,SYN-BUNDA-V0000691-SRC
SYN-BUNDA-P0000692,48,Female,2026-03-20,Obstetrics and Gynecology,Z30.9,Folic acid,SYN-BUNDA-V0000692-SRC
SYN-BUNDA-P0000693,47,Female,2026-07-17,Obstetrics and Gynecology,N94.6,Ibuprofen,SYN-BUNDA-V0000693-SRC
SYN-BUNDA-P0000694,46,Female,2023-04-23,Internal Medicine,Z34.9,None recorded,SYN-BUNDA-V0000694-SRC
SYN-BUNDA-P0000695,45,Female,2023-08-20,General Practice,N93.9,Paracetamol,SYN-BUNDA-V0000695-SRC
SYN-BUNDA-P0000696,44,Female,2023-12-17,Obstetrics and Gynecology,N92.0,Ferrous sulfate,SYN-BUNDA-V0000696-SRC
SYN-BUNDA-P0000697,43,Female,2024-04-14,Obstetrics and Gynecology,Z30.9,Folic acid,SYN-BUNDA-V0000697-SRC
SYN-BUNDA-P0000698,42,Female,2024-08-11,Internal Medicine,N94.6,Ibuprofen,SYN-BUNDA-V0000698-SRC
SYN-BUNDA-P0000699,41,Female,2024-12-08,General Practice,Z34.9,None recorded,SYN-BUNDA-V0000699-SRC
SYN-BUNDA-P0000700,40,Female,2025-04-06,Obstetrics and Gynecology,N93.9,Paracetamol,SYN-BUNDA-V0000700-SRC
SYN-BUNDA-P0000701,39,Female,2025-08-03,Obstetrics and Gynecology,N92.0,Ferrous sulfate,SYN-BUNDA-V0000701-SRC
SYN-BUNDA-P0000702,38,Female,2025-11-30,Internal Medicine,Z30.9,Folic acid,SYN-BUNDA-V0000702-SRC
SYN-BUNDA-P0000703,37,Female,2026-03-29,General Practice,N94.6,Ibuprofen,SYN-BUNDA-V0000703-SRC
SYN-BUNDA-P0000704,36,Female,2023-01-03,Obstetrics and Gynecology,Z34.9,None recorded,SYN-BUNDA-V0000704-SRC
SYN-BUNDA-P0000705,35,Female,2023-05-02,Obstetrics and Gynecology,N93.9,Paracetamol,SYN-BUNDA-V0000705-SRC
SYN-BUNDA-P0000706,34,Female,2023-08-29,Internal Medicine,N92.0,Ferrous sulfate,SYN-BUNDA-V0000706-SRC
SYN-BUNDA-P0000707,33,Female,2023-12-26,General Practice,Z30.9,Folic acid,SYN-BUNDA-V0000707-SRC
SYN-BUNDA-P0000708,32,Female,2024-04-23,Obstetrics and Gynecology,N94.6,Ibuprofen,SYN-BUNDA-V0000708-SRC
SYN-BUNDA-P0000709,31,Female,2024-08-20,Obstetrics and Gynecology,Z34.9,None recorded,SYN-BUNDA-V0000709-SRC
SYN-BUNDA-P0000710,30,Female,2024-12-17,Internal Medicine,N93.9,Paracetamol,SYN-BUNDA-V0000710-SRC
SYN-BUNDA-P0000711,29,Female,2025-04-15,General Practice,N92.0,Ferrous sulfate,SYN-BUNDA-V0000711-SRC
SYN-BUNDA-P0000712,28,Female,2025-08-12,Obstetrics and Gynecology,Z30.9,Folic acid,SYN-BUNDA-V0000712-SRC
SYN-BUNDA-P0000713,27,Female,2025-12-09,Obstetrics and Gynecology,N94.6,Ibuprofen,SYN-BUNDA-V0000713-SRC
SYN-BUNDA-P0000714,26,Female,2026-04-07,Internal Medicine,Z34.9,None recorded,SYN-BUNDA-V0000714-SRC
SYN-BUNDA-P0000715,25,Female,2023-01-12,General Practice,N93.9,Paracetamol,SYN-BUNDA-V0000715-SRC
SYN-BUNDA-P0000716,24,Female,2023-05-11,Obstetrics and Gynecology,N92.0,Ferrous sulfate,SYN-BUNDA-V0000716-SRC
SYN-BUNDA-P0000717,23,Female,2023-09-07,Obstetrics and Gynecology,Z30.9,Folic acid,SYN-BUNDA-V0000717-SRC
SYN-BUNDA-P0000718,22,Female,2024-01-04,Internal Medicine,N94.6,Ibuprofen,SYN-BUNDA-V0000718-SRC
SYN-BUNDA-P0000719,21,Female,2024-05-02,General Practice,Z34.9,None recorded,SYN-BUNDA-V0000719-SRC
SYN-BUNDA-P0000720,20,Female,2024-08-29,Obstetrics and Gynecology,N93.9,Paracetamol,SYN-BUNDA-V0000720-SRC
SYN-BUNDA-P0000721,19,Female,2024-12-26,Obstetrics and Gynecology,N92.0,Ferrous sulfate,SYN-BUNDA-V0000721-SRC
SYN-BUNDA-P0000722,18,Female,2025-04-24,Internal Medicine,Z30.9,Folic acid,SYN-BUNDA-V0000722-SRC
SYN-BUNDA-P0000723,55,Female,2025-08-21,General Practice,N94.6,Ibuprofen,SYN-BUNDA-V0000723-SRC
SYN-BUNDA-P0000724,54,Female,2025-12-18,Obstetrics and Gynecology,Z34.9,None recorded,SYN-BUNDA-V0000724-SRC
SYN-BUNDA-P0000725,53,Female,2026-04-16,Obstetrics and Gynecology,N93.9,Paracetamol,SYN-BUNDA-V0000725-SRC
SYN-BUNDA-P0000726,52,Female,2023-01-21,Internal Medicine,N92.0,Ferrous sulfate,SYN-BUNDA-V0000726-SRC
SYN-BUNDA-P0000727,51,Female,2023-05-20,General Practice,Z30.9,Folic acid,SYN-BUNDA-V0000727-SRC
SYN-BUNDA-P0000728,50,Female,2023-09-16,Obstetrics and Gynecology,N94.6,Ibuprofen,SYN-BUNDA-V0000728-SRC
SYN-BUNDA-P0000729,49,Female,2024-01-13,Obstetrics and Gynecology,Z34.9,None recorded,SYN-BUNDA-V0000729-SRC
SYN-BUNDA-P0000730,48,Female,2024-05-11,Internal Medicine,N93.9,Paracetamol,SYN-BUNDA-V0000730-SRC
SYN-BUNDA-P0000731,47,Female,2024-09-07,General Practice,N92.0,Ferrous sulfate,SYN-BUNDA-V0000731-SRC
SYN-BUNDA-P0000732,46,Female,2025-01-04,Obstetrics and Gynecology,Z30.9,Folic acid,SYN-BUNDA-V0000732-SRC
SYN-BUNDA-P0000733,45,Female,2025-05-03,Obstetrics and Gynecology,N94.6,Ibuprofen,SYN-BUNDA-V0000733-SRC
SYN-BUNDA-P0000734,44,Female,2025-08-30,Internal Medicine,Z34.9,None recorded,SYN-BUNDA-V0000734-SRC
SYN-BUNDA-P0000735,43,Female,2025-12-27,General Practice,N93.9,Paracetamol,SYN-BUNDA-V0000735-SRC
SYN-BUNDA-P0000736,42,Female,2026-04-25,Obstetrics and Gynecology,N92.0,Ferrous sulfate,SYN-BUNDA-V0000736-SRC
SYN-BUNDA-P0000737,41,Female,2023-01-30,Obstetrics and Gynecology,Z30.9,Folic acid,SYN-BUNDA-V0000737-SRC
SYN-BUNDA-P0000738,40,Female,2023-05-29,Internal Medicine,N94.6,Ibuprofen,SYN-BUNDA-V0000738-SRC
SYN-BUNDA-P0000739,39,Female,2023-09-25,General Practice,Z34.9,None recorded,SYN-BUNDA-V0000739-SRC
SYN-BUNDA-P0000740,38,Female,2024-01-22,Obstetrics and Gynecology,N93.9,Paracetamol,SYN-BUNDA-V0000740-SRC
SYN-BUNDA-P0000741,37,Female,2024-05-20,Obstetrics and Gynecology,N92.0,Ferrous sulfate,SYN-BUNDA-V0000741-SRC
SYN-BUNDA-P0000742,36,Female,2024-09-16,Internal Medicine,Z30.9,Folic acid,SYN-BUNDA-V0000742-SRC
SYN-BUNDA-P0000743,35,Female,2025-01-13,General Practice,N94.6,Ibuprofen,SYN-BUNDA-V0000743-SRC
SYN-BUNDA-P0000744,34,Female,2025-05-12,Obstetrics and Gynecology,Z34.9,None recorded,SYN-BUNDA-V0000744-SRC
SYN-BUNDA-P0000745,33,Female,2025-09-08,Obstetrics and Gynecology,N93.9,Paracetamol,SYN-BUNDA-V0000745-SRC
SYN-BUNDA-P0000746,32,Female,2026-01-05,Internal Medicine,N92.0,Ferrous sulfate,SYN-BUNDA-V0000746-SRC
SYN-BUNDA-P0000747,31,Female,2026-05-04,General Practice,Z30.9,Folic acid,SYN-BUNDA-V0000747-SRC
SYN-BUNDA-P0000748,30,Female,2023-02-08,Obstetrics and Gynecology,N94.6,Ibuprofen,SYN-BUNDA-V0000748-SRC
SYN-BUNDA-P0000749,29,Female,2023-06-07,Obstetrics and Gynecology,Z34.9,None recorded,SYN-BUNDA-V0000749-SRC
SYN-BUNDA-P0000750,28,Female,2023-10-04,Internal Medicine,N93.9,Paracetamol,SYN-BUNDA-V0000750-SRC
SYN-BUNDA-P0000751,27,Female,2024-01-31,General Practice,N92.0,Ferrous sulfate,SYN-BUNDA-V0000751-SRC
SYN-BUNDA-P0000752,26,Female,2024-05-29,Obstetrics and Gynecology,Z30.9,Folic acid,SYN-BUNDA-V0000752-SRC
SYN-BUNDA-P0000753,25,Female,2024-09-25,Obstetrics and Gynecology,N94.6,Ibuprofen,SYN-BUNDA-V0000753-SRC
SYN-BUNDA-P0000754,24,Female,2025-01-22,Internal Medicine,Z34.9,None recorded,SYN-BUNDA-V0000754-SRC
SYN-BUNDA-P0000755,23,Female,2025-05-21,General Practice,N93.9,Paracetamol,SYN-BUNDA-V0000755-SRC
SYN-BUNDA-P0000756,22,Female,2025-09-17,Obstetrics and Gynecology,N92.0,Ferrous sulfate,SYN-BUNDA-V0000756-SRC
SYN-BUNDA-P0000757,21,Female,2026-01-14,Obstetrics and Gynecology,Z30.9,Folic acid,SYN-BUNDA-V0000757-SRC
SYN-BUNDA-P0000758,20,Female,2026-05-13,Internal Medicine,N94.6,Ibuprofen,SYN-BUNDA-V0000758-SRC
SYN-BUNDA-P0000759,19,Female,2023-02-17,General Practice,Z34.9,None recorded,SYN-BUNDA-V0000759-SRC
SYN-BUNDA-P0000760,18,Female,2023-06-16,Obstetrics and Gynecology,N93.9,Paracetamol,SYN-BUNDA-V0000760-SRC
SYN-BUNDA-P0000761,55,Female,2023-10-13,Obstetrics and Gynecology,N92.0,Ferrous sulfate,SYN-BUNDA-V0000761-SRC
SYN-BUNDA-P0000762,54,Female,2024-02-09,Internal Medicine,Z30.9,Folic acid,SYN-BUNDA-V0000762-SRC
SYN-BUNDA-P0000763,53,Female,2024-06-07,General Practice,N94.6,Ibuprofen,SYN-BUNDA-V0000763-SRC
SYN-BUNDA-P0000764,52,Female,2024-10-04,Obstetrics and Gynecology,Z34.9,None recorded,SYN-BUNDA-V0000764-SRC
SYN-BUNDA-P0000765,51,Female,2025-01-31,Obstetrics and Gynecology,N93.9,Paracetamol,SYN-BUNDA-V0000765-SRC
SYN-BUNDA-P0000766,50,Female,2025-05-30,Internal Medicine,N92.0,Ferrous sulfate,SYN-BUNDA-V0000766-SRC
SYN-BUNDA-P0000767,49,Female,2025-09-26,General Practice,Z30.9,Folic acid,SYN-BUNDA-V0000767-SRC
SYN-BUNDA-P0000768,48,Female,2026-01-23,Obstetrics and Gynecology,N94.6,Ibuprofen,SYN-BUNDA-V0000768-SRC
SYN-BUNDA-P0000769,47,Female,2026-05-22,Obstetrics and Gynecology,Z34.9,None recorded,SYN-BUNDA-V0000769-SRC
SYN-BUNDA-P0000770,46,Female,2023-02-26,Internal Medicine,N93.9,Paracetamol,SYN-BUNDA-V0000770-SRC
SYN-BUNDA-P0000771,45,Female,2023-06-25,General Practice,N92.0,Ferrous sulfate,SYN-BUNDA-V0000771-SRC
SYN-BUNDA-P0000772,44,Female,2023-10-22,Obstetrics and Gynecology,Z30.9,Folic acid,SYN-BUNDA-V0000772-SRC
SYN-BUNDA-P0000773,43,Female,2024-02-18,Obstetrics and Gynecology,N94.6,Ibuprofen,SYN-BUNDA-V0000773-SRC
SYN-BUNDA-P0000774,42,Female,2024-06-16,Internal Medicine,Z34.9,None recorded,SYN-BUNDA-V0000774-SRC
SYN-BUNDA-P0000775,41,Female,2024-10-13,General Practice,N93.9,Paracetamol,SYN-BUNDA-V0000775-SRC
SYN-BUNDA-P0000776,40,Female,2025-02-09,Obstetrics and Gynecology,N92.0,Ferrous sulfate,SYN-BUNDA-V0000776-SRC
SYN-BUNDA-P0000777,39,Female,2025-06-08,Obstetrics and Gynecology,Z30.9,Folic acid,SYN-BUNDA-V0000777-SRC
SYN-BUNDA-P0000778,38,Female,2025-10-05,Internal Medicine,N94.6,Ibuprofen,SYN-BUNDA-V0000778-SRC
SYN-BUNDA-P0000779,37,Female,2026-02-01,General Practice,Z34.9,None recorded,SYN-BUNDA-V0000779-SRC
SYN-BUNDA-P0000780,36,Female,2026-05-31,Obstetrics and Gynecology,N93.9,Paracetamol,SYN-BUNDA-V0000780-SRC
SYN-BUNDA-P0000781,35,Female,2023-03-07,Obstetrics and Gynecology,N92.0,Ferrous sulfate,SYN-BUNDA-V0000781-SRC
SYN-BUNDA-P0000782,34,Female,2023-07-04,Internal Medicine,Z30.9,Folic acid,SYN-BUNDA-V0000782-SRC
SYN-BUNDA-P0000783,33,Female,2023-10-31,General Practice,N94.6,Ibuprofen,SYN-BUNDA-V0000783-SRC
SYN-BUNDA-P0000784,32,Female,2024-02-27,Obstetrics and Gynecology,Z34.9,None recorded,SYN-BUNDA-V0000784-SRC
SYN-BUNDA-P0000785,31,Female,2024-06-25,Obstetrics and Gynecology,N93.9,Paracetamol,SYN-BUNDA-V0000785-SRC
SYN-BUNDA-P0000786,30,Female,2024-10-22,Internal Medicine,N92.0,Ferrous sulfate,SYN-BUNDA-V0000786-SRC
SYN-BUNDA-P0000787,29,Female,2025-02-18,General Practice,Z30.9,Folic acid,SYN-BUNDA-V0000787-SRC
SYN-BUNDA-P0000788,28,Female,2025-06-17,Obstetrics and Gynecology,N94.6,Ibuprofen,SYN-BUNDA-V0000788-SRC
SYN-BUNDA-P0000789,27,Female,2025-10-14,Obstetrics and Gynecology,Z34.9,None recorded,SYN-BUNDA-V0000789-SRC
SYN-BUNDA-P0000790,26,Female,2026-02-10,Internal Medicine,N93.9,Paracetamol,SYN-BUNDA-V0000790-SRC
SYN-BUNDA-P0000791,25,Female,2026-06-09,General Practice,N92.0,Ferrous sulfate,SYN-BUNDA-V0000791-SRC
SYN-BUNDA-P0000792,24,Female,2023-03-16,Obstetrics and Gynecology,Z30.9,Folic acid,SYN-BUNDA-V0000792-SRC
SYN-BUNDA-P0000793,23,Female,2023-07-13,Obstetrics and Gynecology,N94.6,Ibuprofen,SYN-BUNDA-V0000793-SRC
SYN-BUNDA-P0000794,22,Female,2023-11-09,Internal Medicine,Z34.9,None recorded,SYN-BUNDA-V0000794-SRC
SYN-BUNDA-P0000795,21,Female,2024-03-07,General Practice,N93.9,Paracetamol,SYN-BUNDA-V0000795-SRC
SYN-BUNDA-P0000796,20,Female,2024-07-04,Obstetrics and Gynecology,N92.0,Ferrous sulfate,SYN-BUNDA-V0000796-SRC
SYN-BUNDA-P0000797,19,Female,2024-10-31,Obstetrics and Gynecology,Z30.9,Folic acid,SYN-BUNDA-V0000797-SRC
SYN-BUNDA-P0000798,18,Female,2025-02-27,Internal Medicine,N94.6,Ibuprofen,SYN-BUNDA-V0000798-SRC
SYN-BUNDA-P0000799,55,Female,2025-06-26,General Practice,Z34.9,None recorded,SYN-BUNDA-V0000799-SRC
SYN-BUNDA-P0000800,54,Female,2025-10-23,Obstetrics and Gynecology,N93.9,Paracetamol,SYN-BUNDA-V0000800-SRC
SYN-BUNDA-P0000801,53,Female,2026-02-19,Obstetrics and Gynecology,N92.0,Ferrous sulfate,SYN-BUNDA-V0000801-SRC
SYN-BUNDA-P0000802,52,Female,2026-06-18,Internal Medicine,Z30.9,Folic acid,SYN-BUNDA-V0000802-SRC
SYN-BUNDA-P0000803,51,Female,2023-03-25,General Practice,N94.6,Ibuprofen,SYN-BUNDA-V0000803-SRC
SYN-BUNDA-P0000804,50,Female,2023-07-22,Obstetrics and Gynecology,Z34.9,None recorded,SYN-BUNDA-V0000804-SRC
SYN-BUNDA-P0000805,49,Female,2023-11-18,Obstetrics and Gynecology,N93.9,Paracetamol,SYN-BUNDA-V0000805-SRC
SYN-BUNDA-P0000806,48,Female,2024-03-16,Internal Medicine,N92.0,Ferrous sulfate,SYN-BUNDA-V0000806-SRC
SYN-BUNDA-P0000807,47,Female,2024-07-13,General Practice,Z30.9,Folic acid,SYN-BUNDA-V0000807-SRC
SYN-BUNDA-P0000808,46,Female,2024-11-09,Obstetrics and Gynecology,N94.6,Ibuprofen,SYN-BUNDA-V0000808-SRC
SYN-BUNDA-P0000809,45,Female,2025-03-08,Obstetrics and Gynecology,Z34.9,None recorded,SYN-BUNDA-V0000809-SRC
SYN-BUNDA-P0000810,44,Female,2025-07-05,Internal Medicine,N93.9,Paracetamol,SYN-BUNDA-V0000810-SRC
SYN-BUNDA-P0000811,43,Female,2025-11-01,General Practice,N92.0,Ferrous sulfate,SYN-BUNDA-V0000811-SRC
SYN-BUNDA-P0000812,42,Female,2026-02-28,Obstetrics and Gynecology,Z30.9,Folic acid,SYN-BUNDA-V0000812-SRC
SYN-BUNDA-P0000813,41,Female,2026-06-27,Obstetrics and Gynecology,N94.6,Ibuprofen,SYN-BUNDA-V0000813-SRC
SYN-BUNDA-P0000814,40,Female,2023-04-03,Internal Medicine,Z34.9,None recorded,SYN-BUNDA-V0000814-SRC
SYN-BUNDA-P0000815,39,Female,2023-07-31,General Practice,N93.9,Paracetamol,SYN-BUNDA-V0000815-SRC
SYN-BUNDA-P0000816,38,Female,2023-11-27,Obstetrics and Gynecology,N92.0,Ferrous sulfate,SYN-BUNDA-V0000816-SRC
SYN-BUNDA-P0000817,37,Female,2024-03-25,Obstetrics and Gynecology,Z30.9,Folic acid,SYN-BUNDA-V0000817-SRC
SYN-BUNDA-P0000818,36,Female,2024-07-22,Internal Medicine,N94.6,Ibuprofen,SYN-BUNDA-V0000818-SRC
SYN-BUNDA-P0000819,35,Female,2024-11-18,General Practice,Z34.9,None recorded,SYN-BUNDA-V0000819-SRC
SYN-BUNDA-P0000820,34,Female,2025-03-17,Obstetrics and Gynecology,N93.9,Paracetamol,SYN-BUNDA-V0000820-SRC
SYN-BUNDA-P0000821,33,Female,2025-07-14,Obstetrics and Gynecology,N92.0,Ferrous sulfate,SYN-BUNDA-V0000821-SRC
SYN-BUNDA-P0000822,32,Female,2025-11-10,Internal Medicine,Z30.9,Folic acid,SYN-BUNDA-V0000822-SRC
SYN-BUNDA-P0000823,31,Female,2026-03-09,General Practice,N94.6,Ibuprofen,SYN-BUNDA-V0000823-SRC
SYN-BUNDA-P0000824,30,Female,2026-07-06,Obstetrics and Gynecology,Z34.9,None recorded,SYN-BUNDA-V0000824-SRC
SYN-BUNDA-P0000825,29,Female,2023-04-12,Obstetrics and Gynecology,N93.9,Paracetamol,SYN-BUNDA-V0000825-SRC
SYN-BUNDA-P0000826,28,Female,2023-08-09,Internal Medicine,N92.0,Ferrous sulfate,SYN-BUNDA-V0000826-SRC
SYN-BUNDA-P0000827,27,Female,2023-12-06,General Practice,Z30.9,Folic acid,SYN-BUNDA-V0000827-SRC
SYN-BUNDA-P0000828,26,Female,2024-04-03,Obstetrics and Gynecology,N94.6,Ibuprofen,SYN-BUNDA-V0000828-SRC
SYN-BUNDA-P0000829,25,Female,2024-07-31,Obstetrics and Gynecology,Z34.9,None recorded,SYN-BUNDA-V0000829-SRC
SYN-BUNDA-P0000830,24,Female,2024-11-27,Internal Medicine,N93.9,Paracetamol,SYN-BUNDA-V0000830-SRC
SYN-BUNDA-P0000831,23,Female,2025-03-26,General Practice,N92.0,Ferrous sulfate,SYN-BUNDA-V0000831-SRC
SYN-BUNDA-P0000832,22,Female,2025-07-23,Obstetrics and Gynecology,Z30.9,Folic acid,SYN-BUNDA-V0000832-SRC
SYN-BUNDA-P0000833,21,Female,2025-11-19,Obstetrics and Gynecology,N94.6,Ibuprofen,SYN-BUNDA-V0000833-SRC
SYN-BUNDA-P0000834,20,Female,2026-03-18,Internal Medicine,Z34.9,None recorded,SYN-BUNDA-V0000834-SRC
SYN-BUNDA-P0000835,19,Female,2026-07-15,General Practice,N93.9,Paracetamol,SYN-BUNDA-V0000835-SRC
SYN-BUNDA-P0000836,18,Female,2023-04-21,Obstetrics and Gynecology,N92.0,Ferrous sulfate,SYN-BUNDA-V0000836-SRC
SYN-BUNDA-P0000837,55,Female,2023-08-18,Obstetrics and Gynecology,Z30.9,Folic acid,SYN-BUNDA-V0000837-SRC
SYN-BUNDA-P0000838,54,Female,2023-12-15,Internal Medicine,N94.6,Ibuprofen,SYN-BUNDA-V0000838-SRC
SYN-BUNDA-P0000839,53,Female,2024-04-12,General Practice,Z34.9,None recorded,SYN-BUNDA-V0000839-SRC
SYN-BUNDA-P0000840,52,Female,2024-08-09,Obstetrics and Gynecology,N93.9,Paracetamol,SYN-BUNDA-V0000840-SRC
SYN-BUNDA-P0000841,51,Female,2024-12-06,Obstetrics and Gynecology,N92.0,Ferrous sulfate,SYN-BUNDA-V0000841-SRC
SYN-BUNDA-P0000842,50,Female,2025-04-04,Internal Medicine,Z30.9,Folic acid,SYN-BUNDA-V0000842-SRC
SYN-BUNDA-P0000843,49,Female,2025-08-01,General Practice,N94.6,Ibuprofen,SYN-BUNDA-V0000843-SRC
SYN-BUNDA-P0000844,48,Female,2025-11-28,Obstetrics and Gynecology,Z34.9,None recorded,SYN-BUNDA-V0000844-SRC
SYN-BUNDA-P0000845,47,Female,2026-03-27,Obstetrics and Gynecology,N93.9,Paracetamol,SYN-BUNDA-V0000845-SRC
SYN-BUNDA-P0000846,46,Female,2023-01-01,Internal Medicine,N92.0,Ferrous sulfate,SYN-BUNDA-V0000846-SRC
SYN-BUNDA-P0000847,45,Female,2023-04-30,General Practice,Z30.9,Folic acid,SYN-BUNDA-V0000847-SRC
SYN-BUNDA-P0000848,44,Female,2023-08-27,Obstetrics and Gynecology,N94.6,Ibuprofen,SYN-BUNDA-V0000848-SRC
SYN-BUNDA-P0000849,43,Female,2023-12-24,Obstetrics and Gynecology,Z34.9,None recorded,SYN-BUNDA-V0000849-SRC
SYN-BUNDA-P0000850,42,Female,2024-04-21,Internal Medicine,N93.9,Paracetamol,SYN-BUNDA-V0000850-SRC
SYN-BUNDA-P0000851,41,Female,2024-08-18,General Practice,N92.0,Ferrous sulfate,SYN-BUNDA-V0000851-SRC
SYN-BUNDA-P0000852,40,Female,2024-12-15,Obstetrics and Gynecology,Z30.9,Folic acid,SYN-BUNDA-V0000852-SRC
SYN-BUNDA-P0000853,39,Female,2025-04-13,Obstetrics and Gynecology,N94.6,Ibuprofen,SYN-BUNDA-V0000853-SRC
SYN-BUNDA-P0000854,38,Female,2025-08-10,Internal Medicine,Z34.9,None recorded,SYN-BUNDA-V0000854-SRC
SYN-BUNDA-P0000855,37,Female,2025-12-07,General Practice,N93.9,Paracetamol,SYN-BUNDA-V0000855-SRC
SYN-BUNDA-P0000856,36,Female,2026-04-05,Obstetrics and Gynecology,N92.0,Ferrous sulfate,SYN-BUNDA-V0000856-SRC
SYN-BUNDA-P0000857,35,Female,2023-01-10,Obstetrics and Gynecology,Z30.9,Folic acid,SYN-BUNDA-V0000857-SRC
SYN-BUNDA-P0000858,34,Female,2023-05-09,Internal Medicine,N94.6,Ibuprofen,SYN-BUNDA-V0000858-SRC
SYN-BUNDA-P0000859,33,Female,2023-09-05,General Practice,Z34.9,None recorded,SYN-BUNDA-V0000859-SRC
SYN-BUNDA-P0000860,32,Female,2024-01-02,Obstetrics and Gynecology,N93.9,Paracetamol,SYN-BUNDA-V0000860-SRC
SYN-BUNDA-P0000861,31,Female,2024-04-30,Obstetrics and Gynecology,N92.0,Ferrous sulfate,SYN-BUNDA-V0000861-SRC
SYN-BUNDA-P0000862,30,Female,2024-08-27,Internal Medicine,Z30.9,Folic acid,SYN-BUNDA-V0000862-SRC
SYN-BUNDA-P0000863,29,Female,2024-12-24,General Practice,N94.6,Ibuprofen,SYN-BUNDA-V0000863-SRC
SYN-BUNDA-P0000864,28,Female,2025-04-22,Obstetrics and Gynecology,Z34.9,None recorded,SYN-BUNDA-V0000864-SRC
SYN-BUNDA-P0000865,27,Female,2025-08-19,Obstetrics and Gynecology,N93.9,Paracetamol,SYN-BUNDA-V0000865-SRC
SYN-BUNDA-P0000866,26,Female,2025-12-16,Internal Medicine,N92.0,Ferrous sulfate,SYN-BUNDA-V0000866-SRC
SYN-BUNDA-P0000867,25,Female,2026-04-14,General Practice,Z30.9,Folic acid,SYN-BUNDA-V0000867-SRC
SYN-BUNDA-P0000868,24,Female,2023-01-19,Obstetrics and Gynecology,N94.6,Ibuprofen,SYN-BUNDA-V0000868-SRC
SYN-BUNDA-P0000869,23,Female,2023-05-18,Obstetrics and Gynecology,Z34.9,None recorded,SYN-BUNDA-V0000869-SRC
SYN-BUNDA-P0000870,22,Female,2023-09-14,Internal Medicine,N93.9,Paracetamol,SYN-BUNDA-V0000870-SRC
SYN-BUNDA-P0000871,21,Female,2024-01-11,General Practice,N92.0,Ferrous sulfate,SYN-BUNDA-V0000871-SRC
SYN-BUNDA-P0000872,20,Female,2024-05-09,Obstetrics and Gynecology,Z30.9,Folic acid,SYN-BUNDA-V0000872-SRC
SYN-BUNDA-P0000873,19,Female,2024-09-05,Obstetrics and Gynecology,N94.6,Ibuprofen,SYN-BUNDA-V0000873-SRC
SYN-BUNDA-P0000874,18,Female,2025-01-02,Internal Medicine,Z34.9,None recorded,SYN-BUNDA-V0000874-SRC
SYN-BUNDA-P0000875,55,Female,2025-05-01,General Practice,N93.9,Paracetamol,SYN-BUNDA-V0000875-SRC
SYN-BUNDA-P0000876,54,Female,2025-08-28,Obstetrics and Gynecology,N92.0,Ferrous sulfate,SYN-BUNDA-V0000876-SRC
SYN-BUNDA-P0000877,53,Female,2025-12-25,Obstetrics and Gynecology,Z30.9,Folic acid,SYN-BUNDA-V0000877-SRC
SYN-BUNDA-P0000878,52,Female,2026-04-23,Internal Medicine,N94.6,Ibuprofen,SYN-BUNDA-V0000878-SRC
SYN-BUNDA-P0000879,51,Female,2023-01-28,General Practice,Z34.9,None recorded,SYN-BUNDA-V0000879-SRC
SYN-BUNDA-P0000880,50,Female,2023-05-27,Obstetrics and Gynecology,N93.9,Paracetamol,SYN-BUNDA-V0000880-SRC
SYN-BUNDA-P0000881,49,Female,2023-09-23,Obstetrics and Gynecology,N92.0,Ferrous sulfate,SYN-BUNDA-V0000881-SRC
SYN-BUNDA-P0000882,48,Female,2024-01-20,Internal Medicine,Z30.9,Folic acid,SYN-BUNDA-V0000882-SRC
SYN-BUNDA-P0000883,47,Female,2024-05-18,General Practice,N94.6,Ibuprofen,SYN-BUNDA-V0000883-SRC
SYN-BUNDA-P0000884,46,Female,2024-09-14,Obstetrics and Gynecology,Z34.9,None recorded,SYN-BUNDA-V0000884-SRC
SYN-BUNDA-P0000885,45,Female,2025-01-11,Obstetrics and Gynecology,N93.9,Paracetamol,SYN-BUNDA-V0000885-SRC
SYN-BUNDA-P0000886,44,Female,2025-05-10,Internal Medicine,N92.0,Ferrous sulfate,SYN-BUNDA-V0000886-SRC
SYN-BUNDA-P0000887,43,Female,2025-09-06,General Practice,Z30.9,Folic acid,SYN-BUNDA-V0000887-SRC
SYN-BUNDA-P0000888,42,Female,2026-01-03,Obstetrics and Gynecology,N94.6,Ibuprofen,SYN-BUNDA-V0000888-SRC
SYN-BUNDA-P0000889,41,Female,2026-05-02,Obstetrics and Gynecology,Z34.9,None recorded,SYN-BUNDA-V0000889-SRC
SYN-BUNDA-P0000890,40,Female,2023-02-06,Internal Medicine,N93.9,Paracetamol,SYN-BUNDA-V0000890-SRC
SYN-BUNDA-P0000891,39,Female,2023-06-05,General Practice,N92.0,Ferrous sulfate,SYN-BUNDA-V0000891-SRC
SYN-BUNDA-P0000892,38,Female,2023-10-02,Obstetrics and Gynecology,Z30.9,Folic acid,SYN-BUNDA-V0000892-SRC
SYN-BUNDA-P0000893,37,Female,2024-01-29,Obstetrics and Gynecology,N94.6,Ibuprofen,SYN-BUNDA-V0000893-SRC
SYN-BUNDA-P0000894,36,Female,2024-05-27,Internal Medicine,Z34.9,None recorded,SYN-BUNDA-V0000894-SRC
SYN-BUNDA-P0000895,35,Female,2024-09-23,General Practice,N93.9,Paracetamol,SYN-BUNDA-V0000895-SRC
SYN-BUNDA-P0000896,34,Female,2025-01-20,Obstetrics and Gynecology,N92.0,Ferrous sulfate,SYN-BUNDA-V0000896-SRC
SYN-BUNDA-P0000897,33,Female,2025-05-19,Obstetrics and Gynecology,Z30.9,Folic acid,SYN-BUNDA-V0000897-SRC
SYN-BUNDA-P0000898,32,Female,2025-09-15,Internal Medicine,N94.6,Ibuprofen,SYN-BUNDA-V0000898-SRC
SYN-BUNDA-P0000899,31,Female,2026-01-12,General Practice,Z34.9,None recorded,SYN-BUNDA-V0000899-SRC
SYN-BUNDA-P0000900,30,Female,2026-05-11,Obstetrics and Gynecology,N93.9,Paracetamol,SYN-BUNDA-V0000900-SRC
SYN-BUNDA-P0000901,29,Female,2023-02-15,Obstetrics and Gynecology,N92.0,Ferrous sulfate,SYN-BUNDA-V0000901-SRC
SYN-BUNDA-P0000902,28,Female,2023-06-14,Internal Medicine,Z30.9,Folic acid,SYN-BUNDA-V0000902-SRC
SYN-BUNDA-P0000903,27,Female,2023-10-11,General Practice,N94.6,Ibuprofen,SYN-BUNDA-V0000903-SRC
SYN-BUNDA-P0000904,26,Female,2024-02-07,Obstetrics and Gynecology,Z34.9,None recorded,SYN-BUNDA-V0000904-SRC
SYN-BUNDA-P0000905,25,Female,2024-06-05,Obstetrics and Gynecology,N93.9,Paracetamol,SYN-BUNDA-V0000905-SRC
SYN-BUNDA-P0000906,24,Female,2024-10-02,Internal Medicine,N92.0,Ferrous sulfate,SYN-BUNDA-V0000906-SRC
SYN-BUNDA-P0000907,23,Female,2025-01-29,General Practice,Z30.9,Folic acid,SYN-BUNDA-V0000907-SRC
SYN-BUNDA-P0000908,22,Female,2025-05-28,Obstetrics and Gynecology,N94.6,Ibuprofen,SYN-BUNDA-V0000908-SRC
SYN-BUNDA-P0000909,21,Female,2025-09-24,Obstetrics and Gynecology,Z34.9,None recorded,SYN-BUNDA-V0000909-SRC
SYN-BUNDA-P0000910,20,Female,2026-01-21,Internal Medicine,N93.9,Paracetamol,SYN-BUNDA-V0000910-SRC
SYN-BUNDA-P0000911,19,Female,2026-05-20,General Practice,N92.0,Ferrous sulfate,SYN-BUNDA-V0000911-SRC
SYN-BUNDA-P0000912,18,Female,2023-02-24,Obstetrics and Gynecology,Z30.9,Folic acid,SYN-BUNDA-V0000912-SRC
SYN-BUNDA-P0000913,55,Female,2023-06-23,Obstetrics and Gynecology,N94.6,Ibuprofen,SYN-BUNDA-V0000913-SRC
SYN-BUNDA-P0000914,54,Female,2023-10-20,Internal Medicine,Z34.9,None recorded,SYN-BUNDA-V0000914-SRC
SYN-BUNDA-P0000915,53,Female,2024-02-16,General Practice,N93.9,Paracetamol,SYN-BUNDA-V0000915-SRC
SYN-BUNDA-P0000916,52,Female,2024-06-14,Obstetrics and Gynecology,N92.0,Ferrous sulfate,SYN-BUNDA-V0000916-SRC
SYN-BUNDA-P0000917,51,Female,2024-10-11,Obstetrics and Gynecology,Z30.9,Folic acid,SYN-BUNDA-V0000917-SRC
SYN-BUNDA-P0000918,50,Female,2025-02-07,Internal Medicine,N94.6,Ibuprofen,SYN-BUNDA-V0000918-SRC
SYN-BUNDA-P0000919,49,Female,2025-06-06,General Practice,Z34.9,None recorded,SYN-BUNDA-V0000919-SRC
SYN-BUNDA-P0000920,48,Female,2025-10-03,Obstetrics and Gynecology,N93.9,Paracetamol,SYN-BUNDA-V0000920-SRC
SYN-BUNDA-P0000921,47,Female,2026-01-30,Obstetrics and Gynecology,N92.0,Ferrous sulfate,SYN-BUNDA-V0000921-SRC
SYN-BUNDA-P0000922,46,Female,2026-05-29,Internal Medicine,Z30.9,Folic acid,SYN-BUNDA-V0000922-SRC
SYN-BUNDA-P0000923,45,Female,2023-03-05,General Practice,N94.6,Ibuprofen,SYN-BUNDA-V0000923-SRC
SYN-BUNDA-P0000924,44,Female,2023-07-02,Obstetrics and Gynecology,Z34.9,None recorded,SYN-BUNDA-V0000924-SRC
SYN-BUNDA-P0000925,43,Female,2023-10-29,Obstetrics and Gynecology,N93.9,Paracetamol,SYN-BUNDA-V0000925-SRC
SYN-BUNDA-P0000926,42,Female,2024-02-25,Internal Medicine,N92.0,Ferrous sulfate,SYN-BUNDA-V0000926-SRC
SYN-BUNDA-P0000927,41,Female,2024-06-23,General Practice,Z30.9,Folic acid,SYN-BUNDA-V0000927-SRC
SYN-BUNDA-P0000928,40,Female,2024-10-20,Obstetrics and Gynecology,N94.6,Ibuprofen,SYN-BUNDA-V0000928-SRC
SYN-BUNDA-P0000929,39,Female,2025-02-16,Obstetrics and Gynecology,Z34.9,None recorded,SYN-BUNDA-V0000929-SRC
SYN-BUNDA-P0000930,38,Female,2025-06-15,Internal Medicine,N93.9,Paracetamol,SYN-BUNDA-V0000930-SRC
SYN-BUNDA-P0000931,37,Female,2025-10-12,General Practice,N92.0,Ferrous sulfate,SYN-BUNDA-V0000931-SRC
SYN-BUNDA-P0000932,36,Female,2026-02-08,Obstetrics and Gynecology,Z30.9,Folic acid,SYN-BUNDA-V0000932-SRC
SYN-BUNDA-P0000933,35,Female,2026-06-07,Obstetrics and Gynecology,N94.6,Ibuprofen,SYN-BUNDA-V0000933-SRC
SYN-BUNDA-P0000934,34,Female,2023-03-14,Internal Medicine,Z34.9,None recorded,SYN-BUNDA-V0000934-SRC
SYN-BUNDA-P0000935,33,Female,2023-07-11,General Practice,N93.9,Paracetamol,SYN-BUNDA-V0000935-SRC
SYN-BUNDA-P0000936,32,Female,2023-11-07,Obstetrics and Gynecology,N92.0,Ferrous sulfate,SYN-BUNDA-V0000936-SRC
SYN-BUNDA-P0000937,31,Female,2024-03-05,Obstetrics and Gynecology,Z30.9,Folic acid,SYN-BUNDA-V0000937-SRC
SYN-BUNDA-P0000938,30,Female,2024-07-02,Internal Medicine,N94.6,Ibuprofen,SYN-BUNDA-V0000938-SRC
SYN-BUNDA-P0000939,29,Female,2024-10-29,General Practice,Z34.9,None recorded,SYN-BUNDA-V0000939-SRC
SYN-BUNDA-P0000940,28,Female,2025-02-25,Obstetrics and Gynecology,N93.9,Paracetamol,SYN-BUNDA-V0000940-SRC
SYN-BUNDA-P0000941,27,Female,2025-06-24,Obstetrics and Gynecology,N92.0,Ferrous sulfate,SYN-BUNDA-V0000941-SRC
SYN-BUNDA-P0000942,26,Female,2025-10-21,Internal Medicine,Z30.9,Folic acid,SYN-BUNDA-V0000942-SRC
SYN-BUNDA-P0000943,25,Female,2026-02-17,General Practice,N94.6,Ibuprofen,SYN-BUNDA-V0000943-SRC
SYN-BUNDA-P0000944,24,Female,2026-06-16,Obstetrics and Gynecology,Z34.9,None recorded,SYN-BUNDA-V0000944-SRC
SYN-BUNDA-P0000945,23,Female,2023-03-23,Obstetrics and Gynecology,N93.9,Paracetamol,SYN-BUNDA-V0000945-SRC
SYN-BUNDA-P0000946,22,Female,2023-07-20,Internal Medicine,N92.0,Ferrous sulfate,SYN-BUNDA-V0000946-SRC
SYN-BUNDA-P0000947,21,Female,2023-11-16,General Practice,Z30.9,Folic acid,SYN-BUNDA-V0000947-SRC
SYN-BUNDA-P0000948,20,Female,2024-03-14,Obstetrics and Gynecology,N94.6,Ibuprofen,SYN-BUNDA-V0000948-SRC
SYN-BUNDA-P0000949,19,Female,2024-07-11,Obstetrics and Gynecology,Z34.9,None recorded,SYN-BUNDA-V0000949-SRC
SYN-BUNDA-P0000950,18,Female,2024-11-07,Internal Medicine,N93.9,Paracetamol,SYN-BUNDA-V0000950-SRC
SYN-BUNDA-P0000951,55,Female,2025-03-06,General Practice,N92.0,Ferrous sulfate,SYN-BUNDA-V0000951-SRC
SYN-BUNDA-P0000952,54,Female,2025-07-03,Obstetrics and Gynecology,Z30.9,Folic acid,SYN-BUNDA-V0000952-SRC
SYN-BUNDA-P0000953,53,Female,2025-10-30,Obstetrics and Gynecology,N94.6,Ibuprofen,SYN-BUNDA-V0000953-SRC
SYN-BUNDA-P0000954,52,Female,2026-02-26,Internal Medicine,Z34.9,None recorded,SYN-BUNDA-V0000954-SRC
SYN-BUNDA-P0000955,51,Female,2026-06-25,General Practice,N93.9,Paracetamol,SYN-BUNDA-V0000955-SRC
SYN-BUNDA-P0000956,50,Female,2023-04-01,Obstetrics and Gynecology,N92.0,Ferrous sulfate,SYN-BUNDA-V0000956-SRC
SYN-BUNDA-P0000957,49,Female,2023-07-29,Obstetrics and Gynecology,Z30.9,Folic acid,SYN-BUNDA-V0000957-SRC
SYN-BUNDA-P0000958,48,Female,2023-11-25,Internal Medicine,N94.6,Ibuprofen,SYN-BUNDA-V0000958-SRC
SYN-BUNDA-P0000959,47,Female,2024-03-23,General Practice,Z34.9,None recorded,SYN-BUNDA-V0000959-SRC
SYN-BUNDA-P0000960,46,Female,2024-07-20,Obstetrics and Gynecology,N93.9,Paracetamol,SYN-BUNDA-V0000960-SRC
SYN-BUNDA-P0000961,45,Female,2024-11-16,Obstetrics and Gynecology,N92.0,Ferrous sulfate,SYN-BUNDA-V0000961-SRC
SYN-BUNDA-P0000962,44,Female,2025-03-15,Internal Medicine,Z30.9,Folic acid,SYN-BUNDA-V0000962-SRC
SYN-BUNDA-P0000963,43,Female,2025-07-12,General Practice,N94.6,Ibuprofen,SYN-BUNDA-V0000963-SRC
SYN-BUNDA-P0000964,42,Female,2025-11-08,Obstetrics and Gynecology,Z34.9,None recorded,SYN-BUNDA-V0000964-SRC
SYN-BUNDA-P0000965,41,Female,2026-03-07,Obstetrics and Gynecology,N93.9,Paracetamol,SYN-BUNDA-V0000965-SRC
SYN-BUNDA-P0000966,40,Female,2026-07-04,Internal Medicine,N92.0,Ferrous sulfate,SYN-BUNDA-V0000966-SRC
SYN-BUNDA-P0000967,39,Female,2023-04-10,General Practice,Z30.9,Folic acid,SYN-BUNDA-V0000967-SRC
SYN-BUNDA-P0000968,38,Female,2023-08-07,Obstetrics and Gynecology,N94.6,Ibuprofen,SYN-BUNDA-V0000968-SRC
SYN-BUNDA-P0000969,37,Female,2023-12-04,Obstetrics and Gynecology,Z34.9,None recorded,SYN-BUNDA-V0000969-SRC
SYN-BUNDA-P0000970,36,Female,2024-04-01,Internal Medicine,N93.9,Paracetamol,SYN-BUNDA-V0000970-SRC
SYN-BUNDA-P0000971,35,Female,2024-07-29,General Practice,N92.0,Ferrous sulfate,SYN-BUNDA-V0000971-SRC
SYN-BUNDA-P0000972,34,Female,2024-11-25,Obstetrics and Gynecology,Z30.9,Folic acid,SYN-BUNDA-V0000972-SRC
SYN-BUNDA-P0000973,33,Female,2025-03-24,Obstetrics and Gynecology,N94.6,Ibuprofen,SYN-BUNDA-V0000973-SRC
SYN-BUNDA-P0000974,32,Female,2025-07-21,Internal Medicine,Z34.9,None recorded,SYN-BUNDA-V0000974-SRC
SYN-BUNDA-P0000975,31,Female,2025-11-17,General Practice,N93.9,Paracetamol,SYN-BUNDA-V0000975-SRC
SYN-BUNDA-P0000976,30,Female,2026-03-16,Obstetrics and Gynecology,N92.0,Ferrous sulfate,SYN-BUNDA-V0000976-SRC
SYN-BUNDA-P0000977,29,Female,2026-07-13,Obstetrics and Gynecology,Z30.9,Folic acid,SYN-BUNDA-V0000977-SRC
SYN-BUNDA-P0000978,28,Female,2023-04-19,Internal Medicine,N94.6,Ibuprofen,SYN-BUNDA-V0000978-SRC
SYN-BUNDA-P0000979,27,Female,2023-08-16,General Practice,Z34.9,None recorded,SYN-BUNDA-V0000979-SRC
SYN-BUNDA-P0000980,26,Female,2023-12-13,Obstetrics and Gynecology,N93.9,Paracetamol,SYN-BUNDA-V0000980-SRC
SYN-BUNDA-P0000981,25,Female,2024-04-10,Obstetrics and Gynecology,N92.0,Ferrous sulfate,SYN-BUNDA-V0000981-SRC
SYN-BUNDA-P0000982,24,Female,2024-08-07,Internal Medicine,Z30.9,Folic acid,SYN-BUNDA-V0000982-SRC
SYN-BUNDA-P0000983,23,Female,2024-12-04,General Practice,N94.6,Ibuprofen,SYN-BUNDA-V0000983-SRC
SYN-BUNDA-P0000984,22,Female,2025-04-02,Obstetrics and Gynecology,Z34.9,None recorded,SYN-BUNDA-V0000984-SRC
SYN-BUNDA-P0000985,21,Female,2025-07-30,Obstetrics and Gynecology,N93.9,Paracetamol,SYN-BUNDA-V0000985-SRC
SYN-BUNDA-P0000986,20,Female,2025-11-26,Internal Medicine,N92.0,Ferrous sulfate,SYN-BUNDA-V0000986-SRC
SYN-BUNDA-P0000987,19,Female,2026-03-25,General Practice,Z30.9,Folic acid,SYN-BUNDA-V0000987-SRC
SYN-BUNDA-P0000988,18,Female,2026-07-22,Obstetrics and Gynecology,N94.6,Ibuprofen,SYN-BUNDA-V0000988-SRC
SYN-BUNDA-P0000989,55,Female,2023-04-28,Obstetrics and Gynecology,Z34.9,None recorded,SYN-BUNDA-V0000989-SRC
SYN-BUNDA-P0000990,54,Female,2023-08-25,Internal Medicine,N93.9,Paracetamol,SYN-BUNDA-V0000990-SRC
SYN-BUNDA-P0000991,53,Female,2023-12-22,General Practice,N92.0,Ferrous sulfate,SYN-BUNDA-V0000991-SRC
SYN-BUNDA-P0000992,52,Female,2024-04-19,Obstetrics and Gynecology,Z30.9,Folic acid,SYN-BUNDA-V0000992-SRC
SYN-BUNDA-P0000993,51,Female,2024-08-16,Obstetrics and Gynecology,N94.6,Ibuprofen,SYN-BUNDA-V0000993-SRC
SYN-BUNDA-P0000994,50,Female,2024-12-13,Internal Medicine,Z34.9,None recorded,SYN-BUNDA-V0000994-SRC
SYN-BUNDA-P0000995,49,Female,2025-04-11,General Practice,N93.9,Paracetamol,SYN-BUNDA-V0000995-SRC
SYN-BUNDA-P0000996,48,Female,2025-08-08,Obstetrics and Gynecology,N92.0,Ferrous sulfate,SYN-BUNDA-V0000996-SRC
SYN-BUNDA-P0000997,47,Female,2025-12-05,Obstetrics and Gynecology,Z30.9,Folic acid,SYN-BUNDA-V0000997-SRC
SYN-BUNDA-P0000998,46,Female,2026-04-03,Internal Medicine,N94.6,Ibuprofen,SYN-BUNDA-V0000998-SRC
SYN-BUNDA-P0000999,45,Female,2023-01-08,General Practice,Z34.9,None recorded,SYN-BUNDA-V0000999-SRC
SYN-BUNDA-P0001000,44,Female,2023-05-07,Obstetrics and Gynecology,N93.9,Paracetamol,SYN-BUNDA-V0001000-SRC
